shop_name,category,name_product,product_id,url_product,main_ingredient,attributes,month_1,month_2,month_3,month_4,month_5,month_6,month_7,month_8,month_9,month_10,month_11,month_12,is_premium,rarity_score
Экоферма ОГО-РОД,Бакалея,уксус яблочный с базиликом,154340,https://svoe-rodnoe.ru/category/organicheskie-produkty/10060-111-uksus-jablochnyj-s-bazilikom,уксус,"[""яблочный"", ""базилик""]",1,1,1,1,1,1,1,1,1,1,1,1,0,1
Экоферма ОГО-РОД,Овощи и фрукты,клубника сублимированная,151363,https://svoe-rodnoe.ru/category/dried-fruits/10060-1234-klubnika-sublimrovannaja,клубника,"[""сублимировать""]",0,0,0,0,0,1,1,0,0,0,0,0,0,11
ШААКЕН ДОРФ,Бакалея,"какао тертое, крафт-пакет, 100 гр",179994,https://svoe-rodnoe.ru/category/kofe-i-kakao/10127-108-kakao-tertoe-kraft-paket-100-gr,какао,"[""тёртый"", ""крафт"", ""пакет""]",1,1,1,1,1,1,1,1,1,1,1,1,0,1
Экоферма ОГО-РОД,Бакалея,смесь семян для салата,126752,https://svoe-rodnoe.ru/category/superfudy-i-semena/10060-14-smes-semjan-dlja-salata,смесь,"[""семя"", ""салат""]",1,1,1,1,1,1,1,1,1,1,1,1,0,1
Экоферма ОГО-РОД,Бакалея,уксус из черноплодной рябины 500 мл,170404,https://svoe-rodnoe.ru/category/grocery/10060-99-uksus-iz-chernoplodnoj-rjabiny-500-ml,уксус,"[""черноплодный"", ""рябина""]",1,1,1,1,1,1,1,1,1,1,1,1,0,1
Экоферма ОГО-РОД,Бакалея,уксус яблочный,156606,https://svoe-rodnoe.ru/category/organicheskie-produkty/10060-44565667-uksus-jablochnyj,уксус,"[""яблочный""]",1,1,1,1,1,1,1,1,1,1,1,1,0,1
Экоферма ОГО-РОД,Бакалея,цветы липы для заваривания 50 гр,170408,https://svoe-rodnoe.ru/category/chai-i-travy/10060-00000-cvety-lipy-dlja-zavarivanija-50-gr,цветок,"[""липа"", ""заваривание""]",1,1,1,1,1,1,1,1,1,1,1,1,0,1
Экоферма ОГО-РОД,Овощи и фрукты,малина,63200,https://svoe-rodnoe.ru/category/berries/10060-02-malina,малина,[],0,0,0,0,0,0,1,1,0,0,0,0,0,11
БИО ферма улиток,Рыба и морепродукты,"икра улитки helix aspersa pomatia, 30 г.",34578,https://svoe-rodnoe.ru/category/caviar/10227-0017-ikra-ulitki-helix-aspersa-pomatia-30-g,икра,"[""улитка"", ""helix"", ""aspersa"", ""pomatia""]",1,1,1,1,1,1,1,1,1,1,1,1,1,1
БИО ферма улиток,Рыба и морепродукты,"икра улитки helix aspersa pomatia, 60 г.",34580,https://svoe-rodnoe.ru/category/moreprodukty/10227-0018-ikra-ulitki-helix-aspersa-pomatia-60-g,икра,"[""улитка"", ""helix"", ""aspersa"", ""pomatia""]",1,1,1,1,1,1,1,1,1,1,1,1,1,1
БИО ферма улиток,Рыба и морепродукты,икра улитки helix aspersa классическая 500 г.,34583,https://svoe-rodnoe.ru/category/caviar/10227-0021-ikra-ulitki-helix-aspersa-klassicheskaja-500-g,икра,"[""улитка"", ""helix"", ""aspersa"", ""классический""]",1,1,1,1,1,1,1,1,1,1,1,1,1,1
БИО ферма улиток,Рыба и морепродукты,улитки варёно-мороженые в раковине 2000 гр.,34577,https://svoe-rodnoe.ru/category/moreprodukty/10227-0016-ulitki-varjono-morozhenye-v-rakovine-2000-gr,улитка,"[""варёный"", ""мороженое"", ""раковина""]",1,1,1,1,1,1,1,1,1,1,1,1,1,1
БИО ферма улиток,Рыба и морепродукты,улитки в соусе ароматный (с хреном),34565,https://svoe-rodnoe.ru/category/drugie-moreprodukty/10227-0004-ulitki-v-souse-aromatnyj-s-hrenom,улитка,"[""соус"", ""ароматный"", ""хрен""]",1,1,1,1,1,1,1,1,1,1,1,1,1,1
БИО ферма улиток,Рыба и морепродукты,филе улитки готовое 500 гр.,34572,https://svoe-rodnoe.ru/category/drugie-moreprodukty/10227-0013-file-ulitki-gotovoe-500-gr,филе,"[""улитка"", ""готовый""]",1,1,1,1,1,1,1,1,1,1,1,1,0,1
БИО ферма улиток,Рыба и морепродукты,улитки варёно-мороженые в раковине 3000 гр.,34575,https://svoe-rodnoe.ru/category/drugie-moreprodukty/10227-0015-ulitki-varjono-morozhenye-v-rakovine-3000-gr,улитка,"[""варёный"", ""мороженое"", ""раковина""]",1,1,1,1,1,1,1,1,1,1,1,1,1,1
БИО ферма улиток,Рыба и морепродукты,филе улитки готовое 1000 гр.,34573,https://svoe-rodnoe.ru/category/drugie-moreprodukty/10227-0014-file-ulitki-gotovoe-1000-gr,филе,"[""улитка"", ""готовый""]",1,1,1,1,1,1,1,1,1,1,1,1,0,1
Никитин Ферм,Бакалея,икра баклажанная,26788,https://svoe-rodnoe.ru/category/ovoschi-konservirovannye/10619-003-000032-ikra-baklazhannaja,икра,"[""баклажанный""]",1,1,1,1,1,1,1,1,1,1,1,1,1,1
Никитин Ферм,Бакалея,тушенка говядина,26800,https://svoe-rodnoe.ru/category/stew/10619-003-000007-tushenka-govjadina,тушёнка,"[""говядина""]",1,1,1,1,1,1,1,1,1,1,1,1,0,1
Никитин Ферм,Бакалея,холодец свинина-говядина,26774,https://svoe-rodnoe.ru/category/zakuski-salaty-i-supy/10619-003-000001-holodec-svinina-govjadina,холодец,"[""свинина"", ""говядина""]",1,1,1,1,1,1,1,1,1,1,1,1,0,1
Никитин Ферм,Мясо и птица,баранина мякоть,26631,https://svoe-rodnoe.ru/category/mutton/10619-004-000040-baranina-mjakot,баранина,"[""мякоть""]",1,1,1,1,1,1,1,1,1,1,1,1,0,1
Никитин Ферм,Мясо и птица,баранина рёбра,26632,https://svoe-rodnoe.ru/category/baran-i-rebryshki/10619-004-000041-baranina-rjobra,баранина,"[""ребро""]",1,1,1,1,1,1,1,1,1,1,1,1,0,1
Никитин Ферм,Мясо и птица,баранина шейка,24864,https://svoe-rodnoe.ru/category/mutton/10619-0006-baranina-shejka,баранина,"[""шейк""]",1,1,1,1,1,1,1,1,1,1,1,1,0,1
Никитин Ферм,Мясо и птица,говядина грудинка-ребра,25915,https://svoe-rodnoe.ru/category/grudinka-govjazh-ja/10619-004-000018-govjadina-grudinka-rebra,говядина,"[""грудинка"", ""ребро""]",1,1,1,1,1,1,1,1,1,1,1,1,0,1
Никитин Ферм,Мясо и птица,говяжьи ноги,25950,https://svoe-rodnoe.ru/category/subprodukty/10619-004-000023-govjadina-nogi,нога,"[""говяжий""]",1,1,1,1,1,1,1,1,1,1,1,1,0,1
Никитин Ферм,Мясо и птица,говяжьи почки,25946,https://svoe-rodnoe.ru/category/subprodukty/10619-004-000074-govjadina-pochki,почка,"[""говяжий""]",1,1,1,1,1,1,1,1,1,1,1,1,0,1
Никитин Ферм,Мясо и птица,грудинка солёная,24867,https://svoe-rodnoe.ru/category/kopchenoe-i-vjalenoe-mjaso/10619-0009-grudinka-soljonaja,грудинка,"[""солёный""]",1,1,1,1,1,1,1,1,1,1,1,1,0,1
Никитин Ферм,Мясо и птица,корейка свиная варено-копчёная,25366,https://svoe-rodnoe.ru/category/kopchenoe-i-vjalenoe-mjaso/10619-002-000023-korejka-svinaja-vareno-kopchjonaja,корейка,"[""свиной"", ""варить"", ""копчёный""]",1,1,1,1,1,1,1,1,1,1,1,1,0,1
Никитин Ферм,Мясо и птица,кролик тушка,26651,https://svoe-rodnoe.ru/category/krolik/10619-004-000046-krolik,кролик,"[""тушка""]",1,1,1,1,1,1,1,1,1,1,1,1,0,1
Никитин Ферм,Мясо и птица,сало вареное с чесноком,25350,https://svoe-rodnoe.ru/category/salo/10619-004-000079-salo-varenoe-s-chesnokom,сало,"[""варёный"", ""чеснок""]",1,1,1,1,1,1,1,1,1,1,1,1,0,1
Никитин Ферм,Мясо и птица,свинина карбонат без кости,26390,https://svoe-rodnoe.ru/category/svinoj-karbonat/10619-004-000026-svinina-karbonat-bez-kosti,свинина,"[""карбонат"", ""кость""]",1,1,1,1,1,1,1,1,1,1,1,1,0,1
Никитин Ферм,Мясо и птица,свинина ноги (копыта),26395,https://svoe-rodnoe.ru/category/subprodukty/10619-004-000030-svinina-nogi-kopyta,свинина,"[""нога"", ""копыто""]",1,1,1,1,1,1,1,1,1,1,1,1,0,1
Никитин Ферм,Мясо и птица,свинина рулька,26397,https://svoe-rodnoe.ru/category/svinaja-rul-ka/10619-004-000033-svinina-rul-ka,свинина,"[""рулька""]",1,1,1,1,1,1,1,1,1,1,1,1,0,1
Никитин Ферм,Мясо и птица,тушка ягненка,26645,https://svoe-rodnoe.ru/category/mutton/10619-004-000044-tushka-jagnenka,тушка,"[""ягнёнок""]",1,1,1,1,1,1,1,1,1,1,1,1,0,1
Никитин Ферм,Мясо и птица,фарш говядина,26659,https://svoe-rodnoe.ru/category/farsh-govjazhij/10619-004-000048-farsh-govjadina,фарш,"[""говядина""]",1,1,1,1,1,1,1,1,1,1,1,1,0,1
Никитин Ферм,Мясо и птица,фарш куриный,26667,https://svoe-rodnoe.ru/category/farsh-kurinyj/10619-004-000088-farsh-kurinyj,фарш,"[""куриный""]",1,1,1,1,1,1,1,1,1,1,1,1,0,1
Никитин Ферм,Мясо и птица,язык говяжий,25952,https://svoe-rodnoe.ru/category/subprodukty/10619-004-000024-jazyk-govjazhij,язык,"[""говяжий""]",1,1,1,1,1,1,1,1,1,1,1,1,0,1
Никитин Ферм,Овощи и фрукты,огурцы свежие,25388,https://svoe-rodnoe.ru/category/vegetables/10619-005-000006-ogurcy,огурец,"[""свежий""]",0,0,0,0,0,1,1,1,0,0,0,0,0,10
Никитин Ферм,Овощи и фрукты,"петрушка, 100 г",25402,https://svoe-rodnoe.ru/category/zelen/10619-005-000017-petrushka,петрушка,[],1,1,1,1,1,1,1,1,1,1,1,1,0,1
Никитин Ферм,Овощи и фрукты,помидоры крупные розовые,25390,https://svoe-rodnoe.ru/category/vegetables/10619-005-000007-pomidory,помидор,"[""крупный"", ""розовый""]",0,0,0,0,0,0,1,1,1,0,0,0,0,10
Никитин Ферм,Бакалея,запеканка творожная,26772,https://svoe-rodnoe.ru/category/dishes/10619-003-000015-zapekanka-tvorozhnaja,запеканка,"[""творожный""]",1,1,1,1,1,1,1,1,1,1,1,1,0,1
Никитин Ферм,Бакалея,лечо с болгарским перцем,26786,https://svoe-rodnoe.ru/category/ovoschi-konservirovannye/10619-003-000030-lecho-s-bolgarskim-percem,лечо,"[""болгарский"", ""перец""]",1,1,1,1,1,1,1,1,1,1,1,1,0,1
Никитин Ферм,Бакалея,тушенка куриная,26801,https://svoe-rodnoe.ru/category/stew/10619-003-000008-tushenka-kurinaja,тушёнка,"[""куриный""]",1,1,1,1,1,1,1,1,1,1,1,1,0,1
Никитин Ферм,Бакалея,тушенка свинина,26799,https://svoe-rodnoe.ru/category/stew/10619-003-000006-tushenka-svinina,тушёнка,"[""свинина""]",1,1,1,1,1,1,1,1,1,1,1,1,0,1
Никитин Ферм,Заморозка,люля-кебаб баранина,26688,https://svoe-rodnoe.ru/category/kotlety/10619-006-000008-ljulja-kebab-baranina,люля,"[""кебаб"", ""баранина""]",1,1,1,1,1,1,1,1,1,1,1,1,0,1
Никитин Ферм,Мясо и птица,баранина корейка с костью,26639,https://svoe-rodnoe.ru/category/baran-ja-korejka/10619-004-000042-baranina-korejka-s-kost-ju,баранина,"[""корейка"", ""кость""]",1,1,1,1,1,1,1,1,1,1,1,1,0,1
Никитин Ферм,Мясо и птица,баранина курдюк,26648,https://svoe-rodnoe.ru/category/mutton/10619-004-000045-baranina-kurdjuk,баранина,"[""курдюк""]",1,1,1,1,1,1,1,1,1,1,1,1,0,1
Никитин Ферм,Мясо и птица,говядина варено-копченая,25338,https://svoe-rodnoe.ru/category/kopchenoe-i-vjalenoe-mjaso/10619-002-000011-govjadina-vareno-kopchenaja,говядина,"[""варить"", ""копчёный""]",1,1,1,1,1,1,1,1,1,1,1,1,0,1
Никитин Ферм,Мясо и птица,говядина край с костью,25912,https://svoe-rodnoe.ru/category/govjadina/10619-004-000017-govjadina-kraj-s-kost-ju,говядина,"[""край"", ""кость""]",1,1,1,1,1,1,1,1,1,1,1,1,0,1
Никитин Ферм,Мясо и птица,говядина печень,25940,https://svoe-rodnoe.ru/category/subprodukty/10619-004-000073-govjadina-pechen,говядина,"[""печень""]",1,1,1,1,1,1,1,1,1,1,1,1,0,1
Никитин Ферм,Мясо и птица,индейка тушка,25899,https://svoe-rodnoe.ru/category/indejka/10619-004-000012-indejka-tushka,индейка,"[""тушка""]",1,1,1,1,1,1,1,1,1,1,1,1,0,1
Никитин Ферм,Мясо и птица,петух суповой,25893,https://svoe-rodnoe.ru/category/chicken/10619-004-000008-petuh-supovoj,петух,"[""суповой""]",1,1,1,1,1,1,1,1,1,1,1,1,0,1
Никитин Ферм,Мясо и птица,сало пряное в перце,25347,https://svoe-rodnoe.ru/category/salo/10619-004-000078-salo-prjanoe-v-perce,сало,"[""пряный"", ""перец""]",1,1,1,1,1,1,1,1,1,1,1,1,0,1
Никитин Ферм,Мясо и птица,сальтисон языковый,25326,https://svoe-rodnoe.ru/category/syrokopchenaya-kolbasa/10619-002-000007-sal-tison-jazykovyj,сальтисон,"[""языковый""]",1,1,1,1,1,1,1,1,1,1,1,1,0,1
Никитин Ферм,Мясо и птица,свинина корейка на кости,26389,https://svoe-rodnoe.ru/category/svinaja-korejka/10619-004-000025-svinina-korejka-na-kosti,свинина,"[""корейка"", ""кость""]",1,1,1,1,1,1,1,1,1,1,1,1,0,1
Никитин Ферм,Мясо и птица,свинина лопатка без кости,26391,https://svoe-rodnoe.ru/category/lopatka-svinaja/10619-004-000027-svinina-lopatka-bez-kosti,свинина,"[""лопатка"", ""кость""]",1,1,1,1,1,1,1,1,1,1,1,1,0,1
Никитин Ферм,Мясо и птица,свинина рёбра,26396,https://svoe-rodnoe.ru/category/svinye-rebra/10619-004-000032-svinina-rjobra,свинина,"[""ребро""]",1,1,1,1,1,1,1,1,1,1,1,1,0,1
Никитин Ферм,Мясо и птица,свинина шейка,26392,https://svoe-rodnoe.ru/category/svinaja-shejka/10619-004-000028-svinina-shejka,свинина,"[""шейк""]",1,1,1,1,1,1,1,1,1,1,1,1,0,1
Никитин Ферм,Мясо и птица,утка серая украинская,25896,https://svoe-rodnoe.ru/category/utka/10619-004-000010-utka-seraja-ukrainskaja,утка,"[""серый"", ""украинский""]",0,0,0,0,0,0,0,0,1,1,1,0,0,10
Никитин Ферм,Мясо и птица,фарш баранина,26662,https://svoe-rodnoe.ru/category/farsh-iz-baraniny/10619-004-000049-farsh-baranina,фарш,"[""баранина""]",1,1,1,1,1,1,1,1,1,1,1,1,0,1
Никитин Ферм,Мясо и птица,фарш свинина,26656,https://svoe-rodnoe.ru/category/farsh-svinoj/10619-004-000047-farsh-svinina,фарш,"[""свинина""]",1,1,1,1,1,1,1,1,1,1,1,1,0,1
Никитин Ферм,Мясо и птица,фарш свинина-говядина,26663,https://svoe-rodnoe.ru/category/farsh-domashnij/10619-004-000050-farsh-svinina-govjadina,фарш,"[""свинина"", ""говядина""]",1,1,1,1,1,1,1,1,1,1,1,1,0,1
Никитин Ферм,Мясо и птица,филе индейки,25901,https://svoe-rodnoe.ru/category/indejka/10619-004-000013-file-indejki,филе,"[""индейка""]",1,1,1,1,1,1,1,1,1,1,1,1,0,1
Никитин Ферм,Овощи и фрукты,картофель,25370,https://svoe-rodnoe.ru/category/vegetables/10619-005-000001-kartofel,картофель,[],1,1,1,1,0,1,1,1,1,1,1,1,0,2
Никитин Ферм,Овощи и фрукты,лук зеленый,25403,https://svoe-rodnoe.ru/category/zelen/10619-005-0000101-luk-zelenyj,лук,"[""зелёный""]",1,1,1,1,1,1,1,1,1,1,1,1,0,1
Никитин Ферм,Овощи и фрукты,перец болгарский зеленый,25399,https://svoe-rodnoe.ru/category/vegetables/10619-004-000105-perec-bolgarskij-zelenyj,перец,"[""болгарский"", ""зелёный""]",0,0,0,0,0,0,0,1,1,1,0,0,0,10
Лукино,Бакалея,"баранья тушенка 0,5 л.",60649,https://svoe-rodnoe.ru/category/stew/10872-366-baran-ja-tushenka-0-5-l,тушёнка,"[""бараний""]",1,1,1,1,1,1,1,1,1,1,1,1,0,1
Лукино,Бакалея,"борщ 0,65 л.",60890,https://svoe-rodnoe.ru/category/supy-i-bul-ony/10872-318-borsch-0-65-l,борщ,[],1,1,1,1,1,1,1,1,1,1,1,1,0,1
Лукино,Бакалея,"бочковые огурцы 1,5 л.",61064,https://svoe-rodnoe.ru/category/marinovannaja-i-solenaja/10872-1457-bochkovye-ogurcy-1-5-l,огурец,"[""бочковый""]",0,0,0,0,0,1,1,1,0,0,0,0,0,10
Лукино,Бакалея,говяжий бульон 1 л.,60888,https://svoe-rodnoe.ru/category/supy-i-bul-ony/10872-369-govjazhij-bul-on-1-l,бульон,"[""говяжий""]",1,1,1,1,1,1,1,1,1,1,1,1,0,1
Лукино,Бакалея,"горлодёр 0,25 л.",60669,https://svoe-rodnoe.ru/category/butter-sauces/10872-5106-gorlodjor-0-25-l,горлодёр,[],1,1,1,1,1,1,1,1,1,1,1,1,0,1
Лукино,Бакалея,"грибная солянка 0,65 л.",60887,https://svoe-rodnoe.ru/category/supy-i-bul-ony/10872-373-gribnaja-soljanka-0-65-l,солянка,"[""грибной""]",1,1,1,1,1,1,1,1,1,1,1,1,0,1
Лукино,Бакалея,картофельные зразы 4 шт.,60965,https://svoe-rodnoe.ru/category/zakuski-salaty-i-supy/10872-204-kartofel-nye-zrazy-4-sht,зраза,"[""картофельный""]",1,1,1,1,1,1,1,1,1,1,1,1,0,1
Лукино,Бакалея,"каша пшенная 0,25 кг.",60532,https://svoe-rodnoe.ru/category/suhie-zavtraki/10872-5237-kasha-pshennaja-0-25-kg,каша,"[""пшённый""]",1,1,1,1,1,1,1,1,1,1,1,1,0,1
Лукино,Бакалея,маринованные помидоры 3 л.,61062,https://svoe-rodnoe.ru/category/marinovannaja-i-solenaja/10872-453-marinovannye-pomidory-3-l,помидор,"[""мариновать""]",1,1,1,1,1,1,1,1,1,1,1,1,0,1
Лукино,Бакалея,"морковный пирог 0,3 кг.",60973,https://svoe-rodnoe.ru/category/zakuski-salaty-i-supy/10872-5306-morkovnyj-pirog-0-3-kg,пирог,"[""морковный""]",1,1,1,1,1,1,1,1,1,1,1,1,0,1
Лукино,Бакалея,"свиная тушенка 0,5 л.",60650,https://svoe-rodnoe.ru/category/stew/10872-364-svinaja-tushenka-0-5-l,тушёнка,"[""свиной""]",1,1,1,1,1,1,1,1,1,1,1,1,0,1
Лукино,Бакалея,"свино-говяжья тушенка 0,5 л.",60647,https://svoe-rodnoe.ru/category/stew/10872-389-svino-govjazh-ja-tushenka-0-5-l,свино,"[""говяжий"", ""тушёнка""]",1,1,1,1,1,1,1,1,1,1,1,1,0,1
Лукино,Бакалея,"утренний бриз 0,1 кг.",61164,https://svoe-rodnoe.ru/category/chai-i-travy/10872-250-utrennij-briz-0-1-kg,бриз,"[""утренний""]",1,1,1,1,1,1,1,1,1,1,1,1,0,1
Лукино,Бакалея,"хрен тертый 0,25 л.",60672,https://svoe-rodnoe.ru/category/butter-sauces/10872-5107-hren-tertyj-0-25-l,хрен,"[""тёртый""]",1,1,1,1,1,1,1,1,1,1,1,1,0,1
Лукино,Бакалея,"чабрец отборный 0,1 кг.",61165,https://svoe-rodnoe.ru/category/chai-i-travy/10872-254-chabrec-otbornyj-0-1-kg,чабрец,"[""отборный""]",1,1,1,1,1,1,1,1,1,1,1,1,0,1
Лукино,Бакалея,"шиповник отборный 0,1 кг.",61168,https://svoe-rodnoe.ru/category/chai-i-travy/10872-251-shipovnik-otbornyj-0-1-kg,шиповник,"[""отборный""]",1,1,1,0,0,0,0,0,1,1,1,1,0,6
Лукино,Заморозка,"детские пельмешки 0,5 кг.",61144,https://svoe-rodnoe.ru/category/pel-meni/10872-5181-detskie-pel-meshki-0-5-kg,пельмешек,"[""детский""]",1,1,1,1,1,1,1,1,1,1,1,1,0,1
Лукино,Заморозка,"купаты куриные 0,5 кг.",60938,https://svoe-rodnoe.ru/category/kotlety/10872-4590-kupaty-kurinye-0-5-kg,купат,"[""куриный""]",1,1,1,1,1,1,1,1,1,1,1,1,0,1
Лукино,Заморозка,"наггетсы куриные 0,3 кг.",60930,https://svoe-rodnoe.ru/category/kotlety/10872-4692-naggetsy-kurinye-0-3-kg,наггетс,"[""куриный""]",1,1,1,1,1,1,1,1,1,1,1,1,0,1
Лукино,Заморозка,"равиоли со шпинатом 0,25 кг.",61143,https://svoe-rodnoe.ru/category/pel-meni/10872-3158-ravioli-so-shpinatom-0-25-kg,равиоли,"[""шпинат""]",1,1,1,1,1,1,1,1,1,1,1,1,0,1
Лукино,Заморозка,чебуреки с картошкой 5 шт.,61127,https://svoe-rodnoe.ru/category/polufabrikaty-mjasnye/10872-5154-chebureki-s-kartoshkoj-5-sht,чебурек,"[""картошка""]",1,1,1,1,1,1,1,1,1,1,1,1,0,1
Лукино,Мясо и птица,"баранья мякоть 0,5 кг.",60850,https://svoe-rodnoe.ru/category/mutton/10872-489-baran-ja-mjakot-0-5-kg,мякоть,"[""бараний""]",1,1,1,1,1,1,1,1,1,1,1,1,0,1
Лукино,Мясо и птица,"большой стейк из баранины 0,45 кг.",60848,https://svoe-rodnoe.ru/category/mutton/10872-4857-bol-shoj-stejk-iz-baraniny-0-45-kg,стейк,"[""большой"", ""баранина""]",1,1,1,1,1,1,1,1,1,1,1,1,1,1
Лукино,Мясо и птица,"говяжий топленый жир 0,25 л.",60594,https://svoe-rodnoe.ru/category/govjadina/10872-5180-govjazhij-toplenyj-zhir-0-25-l,жир,"[""говяжий"", ""топлёный""]",1,1,1,1,1,1,1,1,1,1,1,1,0,1
Лукино,Мясо и птица,говяжий хвост 1 кг.,60613,https://svoe-rodnoe.ru/category/govjadina/10872-5282-govjazhij-hvost-1-kg,хвост,"[""говяжий""]",1,1,1,1,1,1,1,1,1,1,1,1,0,1
Лукино,Мясо и птица,говяжьи ребрышки  1 кг.,60609,https://svoe-rodnoe.ru/category/govjadina/10872-411-govjazh-i-rebryshki-1-kg,рёбрышко,"[""говяжий""]",1,1,1,1,1,1,1,1,1,1,1,1,0,1
Лукино,Мясо и птица,"говяжья мякоть 0,5 кг.",60599,https://svoe-rodnoe.ru/category/govjadina/10872-141-govjazh-ja-mjakot-0-5-kg,мякоть,"[""говяжий""]",1,1,1,1,1,1,1,1,1,1,1,1,0,1
Лукино,Мясо и птица,говяжья обрезь 1 кг.,60601,https://svoe-rodnoe.ru/category/govjadina/10872-143-govjazh-ja-obrez-1-kg,обрезь,"[""говяжий""]",1,1,1,1,1,1,1,1,1,1,1,1,0,1
Лукино,Мясо и птица,"гуляш из говядины 0,5 кг.",60612,https://svoe-rodnoe.ru/category/govjadina/10872-4851-guljash-iz-govjadiny-0-5-kg,гуляш,"[""говядина""]",1,1,1,1,1,1,1,1,1,1,1,1,0,1
Лукино,Мясо и птица,гусь в маринаде 4 кг.,61069,https://svoe-rodnoe.ru/category/chicken/10872-5137-gus-v-marinade-4-kg,гусь,"[""маринад""]",0,0,0,0,0,0,0,0,0,0,1,0,0,12
Лукино,Мясо и птица,домашние перепела 1 шт.,61074,https://svoe-rodnoe.ru/category/chicken/10872-108-domashnie-perepela-1-sht,перепел,"[""домашний""]",1,1,1,1,1,1,1,1,1,1,1,1,1,1
Лукино,Мясо и птица,домашняя телятина 1 кг.,60598,https://svoe-rodnoe.ru/category/govjadina/10872-106-domashnjaja-teljatina-1-kg,телятина,"[""домашний""]",1,1,1,1,1,1,1,1,1,1,1,1,0,1
Лукино,Мясо и птица,запеченная утка 2 кг.,60980,https://svoe-rodnoe.ru/category/mjasnye-delikatesy/10872-2365-zapechennaja-utka-2-kg,утка,"[""запечь""]",0,0,0,0,0,0,0,0,1,1,1,0,0,10
Лукино,Мясо и птица,запеченный гусь 4 кг.,60978,https://svoe-rodnoe.ru/category/mjasnye-delikatesy/10872-188-zapechennyj-gus-4-kg,гусь,"[""запечь""]",0,0,0,0,0,0,0,0,0,0,1,0,0,12
Лукино,Мясо и птица,заяц 3 кг.,60590,https://svoe-rodnoe.ru/category/krolik/10872-4727-zajac-3-kg,заяц,[],1,1,0,0,0,0,0,0,0,1,1,1,1,8
Лукино,Мясо и птица,индюшиные желудки 1 кг.,60922,https://svoe-rodnoe.ru/category/indejka/10872-4606-indjushinye-zheludki-1-kg,желудок,"[""индюшиный""]",1,1,1,1,1,1,1,1,1,1,1,1,0,1
Лукино,Мясо и птица,копченая рулька 1 кг.,60868,https://svoe-rodnoe.ru/category/svinina/10872-4666-kopchenaja-rul-ka-1-kg,рулька,"[""копчёный""]",1,1,1,1,1,1,1,1,1,1,1,1,0,1
Лукино,Мясо и птица,"корейка оленя 0,5 кг.",60987,https://svoe-rodnoe.ru/category/dich/10872-4293-korejka-olenja-0-5-kg,корейка,"[""олень""]",1,1,1,1,1,1,1,1,1,1,1,1,0,1
Лукино,Мясо и птица,"крученое сало с чесноком и зеленью 0,2 кг.",60871,https://svoe-rodnoe.ru/category/salo/10872-334-kruchenoe-salo-s-chesnokom-i-zelen-ju-0-2-kg,сало,"[""кручёный"", ""чеснок"", ""зелень""]",1,1,1,1,1,1,1,1,1,1,1,1,0,1
Лукино,Мясо и птица,крылья индейки 1 кг.,60914,https://svoe-rodnoe.ru/category/indejka/10872-4588-kryl-ja-indejki-1-kg,крыло,"[""индейка""]",1,1,1,1,1,1,1,1,1,1,1,1,0,1
Лукино,Мясо и птица,"куриная печень 0,25 кг.",60906,https://svoe-rodnoe.ru/category/chicken/10872-907-kurinaja-pechen-0-25-kg,печень,"[""куриный""]",1,1,1,1,1,1,1,1,1,1,1,1,0,1
Лукино,Мясо и птица,"куриное карпаччо 0,3 кг.",60995,https://svoe-rodnoe.ru/category/mjasnye-delikatesy/10872-5323-kurinoe-karpachcho-0-3-kg,карпаччо,"[""куриный""]",1,1,1,1,1,1,1,1,1,1,1,1,1,1
Лукино,Мясо и птица,"куриные крылышки 0,5 кг.",60897,https://svoe-rodnoe.ru/category/chicken/10872-909-kurinye-krylyshki-0-5-kg,крылышко,"[""куриный""]",1,1,1,1,1,1,1,1,1,1,1,1,0,1
Лукино,Мясо и птица,"куриный фарш 0,5 кг.",60744,https://svoe-rodnoe.ru/category/farsh/10872-113-kurinyj-farsh-0-5-kg,фарш,"[""куриный""]",1,1,1,1,1,1,1,1,1,1,1,1,0,1
Лукино,Мясо и птица,"курица для жарки 1,5 кг.",60904,https://svoe-rodnoe.ru/category/chicken/10872-127-kurica-dlja-zharki-1-5-kg,курица,"[""жарка""]",1,1,1,1,1,1,1,1,1,1,1,1,0,1
Лукино,Мясо и птица,"лопатка молодого барашка 1,5 кг.",60833,https://svoe-rodnoe.ru/category/mutton/10872-139-lopatka-molodogo-barashka-1-5-kg,лопатка,"[""молодой"", ""барашек""]",1,1,1,1,1,1,1,1,1,1,1,1,0,1
Лукино,Мясо и птица,молодая индюшка 2 кг.,60917,https://svoe-rodnoe.ru/category/indejka/10872-4577-molodaja-indjushka-2-kg,индюшка,"[""молодой""]",1,1,1,1,1,1,1,1,1,1,1,1,0,1
Лукино,Мясо и птица,молодой ягненок 10 кг.,60840,https://svoe-rodnoe.ru/category/mutton/10872-137-molodoj-jagnenok-10-kg,ягнёнок,"[""молодой""]",1,1,1,1,1,1,1,1,1,1,1,1,1,1
Лукино,Мясо и птица,оголовок мозговой косточки 1 шт.,60602,https://svoe-rodnoe.ru/category/govjadina/10872-4789-ogolovok-mozgovoj-kostochki-1-sht,оголовок,"[""мозговой"", ""косточка""]",1,1,1,1,1,1,1,1,1,1,1,1,0,1
Лукино,Мясо и птица,окорок молодого барашка 2 кг.,60835,https://svoe-rodnoe.ru/category/mutton/10872-138-okorok-molodogo-barashka-2-kg,окорка,"[""молодой"", ""барашек""]",1,1,1,1,1,1,1,1,1,1,1,1,0,1
Лукино,Мясо и птица,окорок молодого козленка 2 кг.,60983,https://svoe-rodnoe.ru/category/kozljatina/10872-1424-okorok-molodogo-kozlenka-2-kg,окорка,"[""молодой"", ""козлёнок""]",1,1,1,1,1,1,1,1,1,1,1,1,0,1
Лукино,Мясо и птица,острые куриные крылышки 1 кг.,60730,https://svoe-rodnoe.ru/category/shashlyk/10872-232-ostrye-kurinye-krylyshki-1-kg,крылышко,"[""острый"", ""куриный""]",1,1,1,1,1,1,1,1,1,1,1,1,0,1
Лукино,Мясо и птица,полбарашка 10 кг.,60838,https://svoe-rodnoe.ru/category/mutton/10872-136-polbarashka-10-kg,полбарашек,[],1,1,1,1,1,1,1,1,1,1,1,1,0,1
Лукино,Мясо и птица,"сальтисон 0,25 кг.",61010,https://svoe-rodnoe.ru/category/mjasnye-delikatesy/10872-376-sal-tison-0-25-kg,сальтисон,[],1,1,1,1,1,1,1,1,1,1,1,1,0,1
Лукино,Мясо и птица,свиная голяшка для холодца 1 кг.,60879,https://svoe-rodnoe.ru/category/svinina/10872-394-svinaja-goljashka-dlja-holodca-1-kg,голяшка,"[""свиной"", ""холодец""]",1,1,1,1,1,1,1,1,1,1,1,1,0,1
Лукино,Мясо и птица,"свиная грудинка копченая 0,5 кг.",60870,https://svoe-rodnoe.ru/category/kopchenoe-i-vjalenoe-mjaso/10872-415-svinaja-grudinka-kopchenaja-0-5-kg,грудинка,"[""свиной"", ""копчёный""]",1,1,1,1,1,1,1,1,1,1,1,1,0,1
Лукино,Мясо и птица,свиная корейка 1 кг.,60864,https://svoe-rodnoe.ru/category/svinina/10872-99-svinaja-korejka-1-kg,корейка,"[""свиной""]",1,1,1,1,1,1,1,1,1,1,1,1,0,1
Лукино,Мясо и птица,"свиная шейка 0,5 кг.",60860,https://svoe-rodnoe.ru/category/svinina/10872-104-svinaja-shejka-0-5-kg,шейк,"[""свиной""]",1,1,1,1,1,1,1,1,1,1,1,1,0,1
Лукино,Мясо и птица,"свино-говяжий фарш 0,5 кг.",60751,https://svoe-rodnoe.ru/category/farsh/10872-121-svino-govjazhij-farsh-0-5-kg,свино,"[""говяжий"", ""фарш""]",1,1,1,1,1,1,1,1,1,1,1,1,0,1
Лукино,Мясо и птица,свиной язык 1 кг.,60877,https://svoe-rodnoe.ru/category/subprodukty/10872-5295-svinoj-jazyk-1-kg,язык,"[""свиной""]",1,1,1,1,1,1,1,1,1,1,1,1,0,1
Лукино,Мясо и птица,"сердечки молодых поросят 0,5 кг.",60874,https://svoe-rodnoe.ru/category/svinina/10872-4667-serdechki-molodyh-porosjat-0-5-kg,сердечко,"[""молодой"", ""поросёнок""]",1,1,1,1,1,1,1,1,1,1,1,1,0,1
Лукино,Мясо и птица,"стейк оссобуко 0,3 кг.",60606,https://svoe-rodnoe.ru/category/govjadina/10872-4898-stejk-ossobuko-0-3-kg,стейк,"[""оссобукий""]",1,1,1,1,1,1,1,1,1,1,1,1,1,1
Лукино,Мясо и птица,"суповая курица 1,2 кг.",60895,https://svoe-rodnoe.ru/category/chicken/10872-130-supovaja-kurica-1-2-kg,курица,"[""суповой""]",1,1,1,1,1,1,1,1,1,1,1,1,0,1
Лукино,Мясо и птица,"топленое сало 0,25 кг.",60867,https://svoe-rodnoe.ru/category/salo/10872-370-toplenoe-salo-0-25-kg,сало,"[""топлёный""]",1,1,1,1,1,1,1,1,1,1,1,1,0,1
Лукино,Мясо и птица,"филе куриных грудок 0,5 кг.",60899,https://svoe-rodnoe.ru/category/chicken/10872-903-file-kurinyh-grudok-0-5-kg,филе,"[""куриный"", ""грудка""]",1,1,1,1,1,1,1,1,1,1,1,1,0,1
Лукино,Мясо и птица,"холодец свино-говяжий 0,5 кг.",61014,https://svoe-rodnoe.ru/category/mjasnye-delikatesy/10872-5124-holodec-svino-govjazhij-0-5-kg,холодец,"[""свино"", ""говяжий""]",1,1,1,1,1,1,1,1,1,1,1,1,0,1
Лукино,Мясо и птица,цыпленок в маринаде 1 шт.,60903,https://svoe-rodnoe.ru/category/chicken/10872-5142-cyplenok-v-marinade-1-sht,цыплёнок,"[""маринад""]",1,1,1,1,1,1,1,1,1,1,1,1,0,1
Лукино,Мясо и птица,шашлык из баранины 1 кг.,60742,https://svoe-rodnoe.ru/category/shashlyk/10872-149-shashlyk-iz-baraniny-1-kg,шашлык,"[""баранина""]",1,1,1,1,1,1,1,1,1,1,1,1,0,1
Лукино,Мясо и птица,шашлык из кролика 1 кг.,60741,https://svoe-rodnoe.ru/category/shashlyk/10872-233-shashlyk-iz-krolika-1-kg,шашлык,"[""кролик""]",1,1,1,1,1,1,1,1,1,1,1,1,0,1
Экоферма ОГО-РОД,Бакалея,уксус из морошки 200 мл,170405,https://svoe-rodnoe.ru/category/grocery/10060-0000-uksus-iz-moroshki-200-ml,уксус,"[""морошка""]",1,1,1,1,1,1,1,1,1,1,1,1,0,1
Экоферма ОГО-РОД,Бакалея,чабрец (тимьян) 50 гр,170411,https://svoe-rodnoe.ru/category/chai-i-travy/10060-000000-chabrec-tim-jan-50-gr,чабрец,"[""тимьян""]",1,1,1,1,1,1,1,1,1,1,1,1,0,1
Лукино,Овощи и фрукты,"баклажаны вкусные 0,5 л.",60626,https://svoe-rodnoe.ru/category/vegetables/10872-360-baklazhany-vkusnye-0-5-l,баклажан,"[""вкусный""]",0,0,0,0,0,0,1,1,1,0,0,0,0,10
Лукино,Овощи и фрукты,"баклажаны пикантные 0,5 л.",60644,https://svoe-rodnoe.ru/category/vegetables/10872-5256-baklazhany-pikantnye-0-5-l,баклажан,"[""пикантный""]",0,0,0,0,0,0,1,1,1,0,0,0,0,10
Лукино,Овощи и фрукты,белые грибы 1 кг.,60800,https://svoe-rodnoe.ru/category/vegetables/10872-3104-belye-griby-1-kg,гриб,[],0,0,0,0,0,0,0,1,1,1,0,0,0,10
Лукино,Овощи и фрукты,бронирование лука 5 кг.,60777,https://svoe-rodnoe.ru/category/vegetables/10872-4891-bronirovanie-luka-5-kg,бронирование,"[""лука""]",1,1,1,1,1,1,1,1,1,1,1,1,0,1
Лукино,Овощи и фрукты,бронирование моркови 10 кг.,60776,https://svoe-rodnoe.ru/category/vegetables/10872-4670-bronirovanie-morkovi-10-kg,бронирование,"[""морковь""]",1,1,1,1,1,1,1,1,1,1,1,1,0,1
Лукино,Овощи и фрукты,бронирование свеклы 10 кг.,60775,https://svoe-rodnoe.ru/category/vegetables/10872-4669-bronirovanie-svekly-10-kg,бронирование,"[""свекла""]",1,1,1,1,1,1,1,1,1,1,1,1,0,1
Лукино,Овощи и фрукты,желтая слива 1 кг.,61135,https://svoe-rodnoe.ru/category/fruits/10872-5023-zheltaja-sliva-1-kg,слива,"[""жёлтый""]",0,0,0,0,0,0,0,1,1,0,0,0,0,11
Лукино,Овощи и фрукты,клубника 1 кг.,60958,https://svoe-rodnoe.ru/category/berries/10872-962-klubnika-1-kg,клубника,[],0,0,0,0,0,1,1,0,0,0,0,0,0,11
Лукино,Овощи и фрукты,кукуруза 1 шт.,60804,https://svoe-rodnoe.ru/category/vegetables/10872-4881-kukuruza-1-sht,кукуруза,[],0,0,0,0,0,0,0,1,1,0,0,0,0,11
Лукино,Овощи и фрукты,"лесная черника 0,5 л.",60960,https://svoe-rodnoe.ru/category/berries/10872-4870-lesnaja-chernika-0-5-l,черника,"[""лесной""]",0,0,0,0,0,0,1,1,0,0,0,0,0,11
Лукино,Овощи и фрукты,"лисички 0,5 кг.",60772,https://svoe-rodnoe.ru/category/vegetables/10872-5004-lisichki-0-5-kg,лисичка,[],0,0,0,0,0,0,1,1,1,0,0,0,1,10
Лукино,Овощи и фрукты,"малина 0,5 кг.",60953,https://svoe-rodnoe.ru/category/berries/10872-5090-malina-0-5-kg,малина,[],0,0,0,0,0,0,1,1,0,0,0,0,0,11
Лукино,Овощи и фрукты,"маринованные свинушки 0,5 л.",60660,https://svoe-rodnoe.ru/category/griby/10872-5010-marinovannye-svinushki-0-5-l,свинушка,"[""мариновать""]",1,1,1,1,1,1,1,1,1,1,1,1,0,1
Лукино,Овощи и фрукты,морковь 1 кг.,60781,https://svoe-rodnoe.ru/category/vegetables/10872-486-morkov-1-kg,морковь,[],1,1,1,1,0,0,1,1,1,1,1,1,0,3
Лукино,Овощи и фрукты,патиссоны 1 кг.,60795,https://svoe-rodnoe.ru/category/vegetables/10872-5235-patissony-1-kg,патиссон,[],0,0,0,0,0,0,1,1,1,0,0,0,0,10
Лукино,Овощи и фрукты,перец разноцветный 1 кг.,60791,https://svoe-rodnoe.ru/category/vegetables/10872-4915-perec-raznocvetnyj-1-kg,перец,"[""разноцветный""]",0,0,0,0,0,0,0,1,1,1,0,0,0,10
Лукино,Овощи и фрукты,"пророщенные семена гороха 0,3 кг.",60769,https://svoe-rodnoe.ru/category/zelen/10872-5266-proroschennye-semena-goroha-0-3-kg,семя,"[""пророщённый"", ""горох""]",1,1,1,1,1,1,1,1,1,1,1,1,0,1
Лукино,Овощи и фрукты,слива «чернослив» 1 кг.,61139,https://svoe-rodnoe.ru/category/fruits/10872-4900-sliva-chernosliv-1-kg,слива,"[""чернослив""]",0,0,0,0,0,0,0,1,1,0,0,0,0,11
Лукино,Овощи и фрукты,"тещин язык 0,5 л.",60627,https://svoe-rodnoe.ru/category/vegetables/10872-484-teschin-jazyk-0-5-l,язык,"[""тёщин""]",1,1,1,1,1,1,1,1,1,1,1,1,0,1
Лукино,Овощи и фрукты,"тыквенная икра 0,5 л.",60634,https://svoe-rodnoe.ru/category/vegetables/10872-354-tykvennaja-ikra-0-5-l,икра,"[""тыквенный""]",1,1,1,1,1,1,1,1,1,1,1,1,1,1
Лукино,Овощи и фрукты,"щавель 0,1 кг.",60761,https://svoe-rodnoe.ru/category/zelen/10872-4829-schavel-0-1-kg,щавель,[],0,0,0,0,1,1,0,0,0,0,0,0,0,11
Лукино,Рыба и морепродукты,амур 2 кг.,60523,https://svoe-rodnoe.ru/category/ryba/10872-5208-amur-2-kg,амур,[],1,1,1,1,1,1,1,1,1,1,1,1,0,1
Лукино,Рыба и морепродукты,карась 1 кг.,60526,https://svoe-rodnoe.ru/category/ryba/10872-5200-karas-1-kg,карась,[],1,1,1,1,1,1,1,1,1,1,1,1,0,1
Лукино,Рыба и морепродукты,стейк из толстолобика 1 кг.,60528,https://svoe-rodnoe.ru/category/ryba/10872-5253-stejk-iz-tolstolobika-1-kg,стейк,"[""толстолобик""]",1,1,1,1,1,1,1,1,1,1,1,1,1,1
Лукино,Бакалея,"домашний майонез 0,25 л.",60665,https://svoe-rodnoe.ru/category/butter-sauces/10872-93-domashnij-majonez-0-25-l,майонез,"[""домашний""]",1,1,1,1,1,1,1,1,1,1,1,1,0,1
Лукино,Бакалея,запеченные баклажаны 2 шт.,60974,https://svoe-rodnoe.ru/category/zakuski-salaty-i-supy/10872-5308-zapechennye-baklazhany-2-sht,баклажан,"[""запечь""]",0,0,0,0,0,0,1,1,1,0,0,0,0,10
Лукино,Бакалея,куриный бульон 1 л.,60884,https://svoe-rodnoe.ru/category/supy-i-bul-ony/10872-375-kurinyj-bul-on-1-l,бульон,"[""куриный""]",1,1,1,1,1,1,1,1,1,1,1,1,0,1
Лукино,Бакалея,"мятная малина 0,1 кг.",61166,https://svoe-rodnoe.ru/category/chai-i-travy/10872-249-mjatnaja-malina-0-1-kg,малина,"[""мятный""]",0,0,0,0,0,0,1,1,0,0,0,0,0,11
Лукино,Бакалея,свиной бульон 1 л.,60891,https://svoe-rodnoe.ru/category/supy-i-bul-ony/10872-371-svinoj-bul-on-1-l,бульон,"[""свиной""]",1,1,1,1,1,1,1,1,1,1,1,1,0,1
Лукино,Бакалея,"творожная запеканка 0,5 кг.",60577,https://svoe-rodnoe.ru/category/dishes/10872-96-tvorozhnaja-zapekanka-0-5-kg,запеканка,"[""творожный""]",1,1,1,1,1,1,1,1,1,1,1,1,0,1
Лукино,Бакалея,"телячья тушенка 0,5 л.",60651,https://svoe-rodnoe.ru/category/stew/10872-1595-teljach-ja-tushenka-0-5-l,тушёнка,"[""телячий""]",1,1,1,1,1,1,1,1,1,1,1,1,0,1
Лукино,Бакалея,"хренодер 0,25 л.",60664,https://svoe-rodnoe.ru/category/butter-sauces/10872-2459-hrenoder-0-25-l,хренодер,[],1,1,1,1,1,1,1,1,1,1,1,1,0,1
Лукино,Заморозка,дрожжевое тесто 1 кг.,61125,https://svoe-rodnoe.ru/category/polufabrikaty-mjasnye/10872-244-drozhzhevoe-testo-1-kg,тесто,"[""дрожжевой""]",1,1,1,1,1,1,1,1,1,1,1,1,0,1
Лукино,Мясо и птица,"бараньи сердечки 0,5 кг.",60834,https://svoe-rodnoe.ru/category/mutton/10872-1858-baran-i-serdechki-0-5-kg,сердечко,"[""бараний""]",1,1,1,1,1,1,1,1,1,1,1,1,0,1
Лукино,Мясо и птица,баранья обрезь 1 кг.,60845,https://svoe-rodnoe.ru/category/mutton/10872-5257-baran-ja-obrez-1-kg,обрезь,"[""бараний""]",1,1,1,1,1,1,1,1,1,1,1,1,0,1
Лукино,Мясо и птица,говяжий язык 1 кг.,60620,https://svoe-rodnoe.ru/category/govjadina/10872-4750-govjazhij-jazyk-1-kg,язык,"[""говяжий""]",1,1,1,1,1,1,1,1,1,1,1,1,0,1
Лукино,Мясо и птица,говяжье сердце 2 кг.,60593,https://svoe-rodnoe.ru/category/govjadina/10872-4749-govjazh-e-serdce-2-kg,сердце,"[""говяжий""]",1,1,1,1,1,1,1,1,1,1,1,1,0,1
Лукино,Мясо и птица,говяжьи щеки 1 кг.,60619,https://svoe-rodnoe.ru/category/govjadina/10872-5283-govjazh-i-scheki-1-kg,щека,"[""говяжий""]",1,1,1,1,1,1,1,1,1,1,1,1,0,1
Лукино,Мясо и птица,"говяжья печень 0,5 кг.",60595,https://svoe-rodnoe.ru/category/govjadina/10872-142-govjazh-ja-pechen-0-5-kg,печень,"[""говяжий""]",1,1,1,1,1,1,1,1,1,1,1,1,0,1
Лукино,Мясо и птица,домашние цыплята 1 шт.,60894,https://svoe-rodnoe.ru/category/chicken/10872-131-domashnie-cypljata-1-sht,цыплёнок,"[""домашний""]",1,1,1,1,1,1,1,1,1,1,1,1,0,1
Лукино,Мясо и птица,"домашняя буженина 0,5 кг.",61017,https://svoe-rodnoe.ru/category/mjasnye-delikatesy/10872-110-domashnjaja-buzhenina-0-5-kg,буженина,"[""домашний""]",1,1,1,1,1,1,1,1,1,1,1,1,0,1
Лукино,Мясо и птица,запеченная индюшка 6 кг.,60979,https://svoe-rodnoe.ru/category/mjasnye-delikatesy/10872-4751-zapechennaja-indjushka-6-kg,индюшка,"[""запечь""]",1,1,1,1,1,1,1,1,1,1,1,1,0,1
Лукино,Мясо и птица,запеченный перепел 1 шт.,60976,https://svoe-rodnoe.ru/category/mjasnye-delikatesy/10872-187-zapechennyj-perepel-1-sht,перепел,"[""запечь""]",1,1,1,1,1,1,1,1,1,1,1,1,1,1
Лукино,Мясо и птица,запеченный поросенок 6 кг.,61003,https://svoe-rodnoe.ru/category/mjasnye-delikatesy/10872-163-zapechennyj-porosenok-6-kg,поросёнок,"[""запечь""]",1,1,1,1,1,1,1,1,1,1,1,1,0,1
Лукино,Мясо и птица,"копченое сало 0,5 кг.",60869,https://svoe-rodnoe.ru/category/svinina/10872-386-kopchenoe-salo-0-5-kg,сало,"[""копчёный""]",1,1,1,1,1,1,1,1,1,1,1,1,0,1
Лукино,Мясо и птица,корейка молодого козленка 1 кг.,60984,https://svoe-rodnoe.ru/category/kozljatina/10872-1426-korejka-molodogo-kozlenka-1-kg,корейка,"[""молодой"", ""козлёнок""]",1,1,1,1,1,1,1,1,1,1,1,1,0,1
Лукино,Мясо и птица,корейка ягненка 1 кг.,60831,https://svoe-rodnoe.ru/category/mutton/10872-140-korejka-jagnenka-1-kg,корейка,"[""ягнёнок""]",1,1,1,1,1,1,1,1,1,1,1,1,0,1
Лукино,Мясо и птица,"крученое сало с чесноком и перцем 0,2 кг.",60878,https://svoe-rodnoe.ru/category/svinina/10872-359-kruchenoe-salo-s-chesnokom-i-percem-0-2-kg,сало,"[""кручёный"", ""чеснок"", ""перец""]",1,1,1,1,1,1,1,1,1,1,1,1,0,1
Лукино,Мясо и птица,"куриная ветчина 0,25 кг.",61000,https://svoe-rodnoe.ru/category/mjasnye-delikatesy/10872-5309-kurinaja-vetchina-0-25-kg,ветчина,"[""куриный""]",1,1,1,1,1,1,1,1,1,1,1,1,0,1
Лукино,Мясо и птица,куриная голень 1 кг.,60896,https://svoe-rodnoe.ru/category/chicken/10872-900-kurinaja-golen-1-kg,голень,"[""куриный""]",1,1,1,1,1,1,1,1,1,1,1,1,0,1
Лукино,Мясо и птица,куриные лапки 1 кг.,60900,https://svoe-rodnoe.ru/category/chicken/10872-4782-kurinye-lapki-1-kg,лапка,"[""куриный""]",1,1,1,1,1,1,1,1,1,1,1,1,0,1
Лукино,Мясо и птица,куриный шашлык 1 кг.,60734,https://svoe-rodnoe.ru/category/shashlyk/10872-107-kurinyj-shashlyk-1-kg,шашлык,"[""куриный""]",1,1,1,1,1,1,1,1,1,1,1,1,0,1
Лукино,Мясо и птица,"курица в маринаде 1,5 кг.",60909,https://svoe-rodnoe.ru/category/chicken/10872-5144-kurica-v-marinade-1-5-kg,курица,"[""маринад""]",1,1,1,1,1,1,1,1,1,1,1,1,0,1
Лукино,Мясо и птица,"малый стейк из баранины 0,2 кг.",60830,https://svoe-rodnoe.ru/category/mutton/10872-4858-malyj-stejk-iz-baraniny-0-2-kg,малый,"[""стейк"", ""баранина""]",1,1,1,1,1,1,1,1,1,1,1,1,0,1
ШААКЕН ДОРФ,Бакалея,"какао-порошок натуральный, крафт-пакет, 100 гр",175680,https://svoe-rodnoe.ru/category/kofe-i-kakao/10127-111-kakao-poroshok-natural-nyj-kraft-paket-100-gr,какао,"[""порошок"", ""натуральный"", ""крафт"", ""пакет""]",1,1,1,1,1,1,1,1,1,1,1,1,0,1
Лукино,Мясо и птица,маринованный бараний окорок 2 кг.,60849,https://svoe-rodnoe.ru/category/mutton/10872-5287-marinovannyj-baranij-okorok-2-kg,окорка,"[""мариновать"", ""бараний""]",1,1,1,1,1,1,1,1,1,1,1,1,0,1
Лукино,Мясо и птица,"мякоть кабана 0,5 кг.",61058,https://svoe-rodnoe.ru/category/dich/10872-4292-mjakot-kabana-0-5-kg,мякоть,"[""кабан""]",1,1,1,1,1,1,1,1,1,1,1,1,0,1
Лукино,Мясо и птица,"охотничий окорок 0,35 кг.",60998,https://svoe-rodnoe.ru/category/mjasnye-delikatesy/10872-5319-ohotnichij-okorok-0-35-kg,окорка,"[""охотничий""]",1,1,1,1,1,1,1,1,1,1,1,1,0,1
Лукино,Мясо и птица,пасхальный ягненок 8 кг.,60829,https://svoe-rodnoe.ru/category/mutton/10872-2504-pashal-nyj-jagnenok-8-kg,ягнёнок,"[""пасхальный""]",1,1,1,1,1,1,1,1,1,1,1,1,1,1
Лукино,Мясо и птица,половина индейки 5 кг.,60923,https://svoe-rodnoe.ru/category/indejka/10872-4938-polovina-indejki-5-kg,половина,"[""индейка""]",1,1,1,1,1,1,1,1,1,1,1,1,0,1
Лукино,Мясо и птица,"сало с прослойкой 0,5 кг.",60875,https://svoe-rodnoe.ru/category/svinina/10872-175-salo-s-proslojkoj-0-5-kg,сало,"[""прослойка""]",1,1,1,1,1,1,1,1,1,1,1,1,0,1
Лукино,Мясо и птица,"свиная печень 0,5 кг.",60872,https://svoe-rodnoe.ru/category/svinina/10872-4986-svinaja-pechen-0-5-kg,печень,"[""свиной""]",1,1,1,1,1,1,1,1,1,1,1,1,0,1
Лукино,Мясо и птица,"свиная рулька 0,5 кг.",60866,https://svoe-rodnoe.ru/category/svinina/10872-500-svinaja-rul-ka-0-5-kg,рулька,"[""свиной""]",1,1,1,1,1,1,1,1,1,1,1,1,0,1
Лукино,Мясо и птица,"сердце индейки 0,5 кг.",60924,https://svoe-rodnoe.ru/category/indejka/10872-4731-serdce-indejki-0-5-kg,сердце,"[""индейка""]",1,1,1,1,1,1,1,1,1,1,1,1,0,1
Лукино,Мясо и птица,"стейк тибон 0,35 кг.",60603,https://svoe-rodnoe.ru/category/govjadina/10872-4926-stejk-tibon-0-35-kg,стейк,"[""тибон""]",1,1,1,1,1,1,1,1,1,1,1,1,1,1
Лукино,Мясо и птица,телячьи ребрышки 1 кг.,60611,https://svoe-rodnoe.ru/category/govjadina/10872-5031-teljach-i-rebryshki-1-kg,рёбрышко,"[""телячий""]",1,1,1,1,1,1,1,1,1,1,1,1,0,1
Лукино,Мясо и птица,"фарш из телятины 0,5 кг.",60746,https://svoe-rodnoe.ru/category/farsh/10872-4948-farsh-iz-teljatiny-0-5-kg,фарш,"[""телятина""]",1,1,1,1,1,1,1,1,1,1,1,1,0,1
Лукино,Мясо и птица,"филе грудки индейки 0,5 кг.",60916,https://svoe-rodnoe.ru/category/indejka/10872-3518-file-grudki-indejki-0-5-kg,филе,"[""грудка"", ""индейка""]",1,1,1,1,1,1,1,1,1,1,1,1,0,1
Лукино,Мясо и птица,филе кролика 1 кг.,60589,https://svoe-rodnoe.ru/category/krolik/10872-4968-file-krolika-1-kg,филе,"[""кролик""]",1,1,1,1,1,1,1,1,1,1,1,1,0,1
Лукино,Мясо и птица,"холодец свиной 0,5 кг.",61013,https://svoe-rodnoe.ru/category/mjasnye-delikatesy/10872-5145-holodec-svinoj-0-5-kg,холодец,"[""свиной""]",1,1,1,1,1,1,1,1,1,1,1,1,0,1
Лукино,Мясо и птица,цыпленок суповой 1 шт.,60898,https://svoe-rodnoe.ru/category/chicken/10872-3719-cyplenok-supovoj-1-sht,цыплёнок,"[""суповой""]",1,1,1,1,1,1,1,1,1,1,1,1,0,1
Лукино,Мясо и птица,цыпленок табака 1 шт.,60977,https://svoe-rodnoe.ru/category/mjasnye-delikatesy/10872-168-cyplenok-tabaka-1-sht,цыплёнок,"[""табак""]",1,1,1,1,1,1,1,1,1,1,1,1,0,1
Лукино,Овощи и фрукты,"базилик 0,1 кг.",60759,https://svoe-rodnoe.ru/category/zelen/10872-956-bazilik-0-1-kg,базилик,[],1,1,1,1,1,1,1,1,1,1,1,1,0,1
Лукино,Овощи и фрукты,"баклажаны с грибами 0,35 л.",60641,https://svoe-rodnoe.ru/category/vegetables/10872-5024-baklazhany-s-gribami-0-35-l,баклажан,"[""гриб""]",0,0,0,0,0,0,1,1,1,0,0,0,0,10
Лукино,Овощи и фрукты,"белые грибы сушеные 0,1 кг.",60778,https://svoe-rodnoe.ru/category/vegetables/10872-5065-belye-griby-sushenye-0-1-kg,гриб,"[""сушёный""]",0,0,0,0,0,0,0,1,1,1,0,0,0,10
Лукино,Овощи и фрукты,белый лук 1 кг.,60787,https://svoe-rodnoe.ru/category/vegetables/10872-4695-belyj-luk-1-kg,лук,"[""белый""]",1,1,1,1,1,1,1,1,1,1,1,1,0,1
Лукино,Овощи и фрукты,"зеленый лук 0,2 кг.",60766,https://svoe-rodnoe.ru/category/zelen/10872-321-zelenyj-luk-0-2-kg,лук,"[""зелёный""]",1,1,1,1,1,1,1,1,1,1,1,1,0,1
Лукино,Овощи и фрукты,"кабачковая икра 0,5 л.",60639,https://svoe-rodnoe.ru/category/vegetables/10872-490-kabachkovaja-ikra-0-5-l,икра,"[""кабачковый""]",1,1,1,1,1,1,1,1,1,1,1,1,1,1
Лукино,Овощи и фрукты,"кинза 0,1 кг.",60765,https://svoe-rodnoe.ru/category/zelen/10872-308-kinza-0-1-kg,кинза,[],1,1,1,1,1,1,1,1,1,1,1,1,0,1
Лукино,Овощи и фрукты,крымский лук 1 кг.,60794,https://svoe-rodnoe.ru/category/vegetables/10872-4694-krymskij-luk-1-kg,лук,"[""крымский""]",1,1,1,1,1,1,1,1,1,1,1,1,0,1
Лукино,Овощи и фрукты,"лесная клубника 0,5 л.",60962,https://svoe-rodnoe.ru/category/berries/10872-5078-lesnaja-klubnika-0-5-l,клубника,"[""лесной""]",0,0,0,0,0,1,1,0,0,0,0,0,0,11
Лукино,Овощи и фрукты,"лисички маринованные 0,5 л.",60658,https://svoe-rodnoe.ru/category/griby/10872-507-lisichki-marinovannye-0-5-l,лисичка,"[""мариновать""]",1,1,1,1,1,1,1,1,1,1,1,1,1,1
Лукино,Овощи и фрукты,"маринованные белые 0,5 л.",60655,https://svoe-rodnoe.ru/category/griby/10872-3584-marinovannye-belye-0-5-l,гриб,"[""мариновать""]",1,1,1,1,1,1,1,1,1,1,1,1,0,1
Лукино,Овощи и фрукты,"маринованные подосиновики 0,5 л.",60659,https://svoe-rodnoe.ru/category/griby/10872-3906-marinovannye-podosinoviki-0-5-l,подосиновик,"[""мариновать""]",1,1,1,1,1,1,1,1,1,1,1,1,0,1
Лукино,Овощи и фрукты,молодой горошек 1 кг.,60806,https://svoe-rodnoe.ru/category/vegetables/10872-1882-molodoj-goroshek-1-kg,горошек,"[""молодой""]",1,1,1,1,1,1,1,1,1,1,1,1,0,1
Лукино,Овощи и фрукты,молодой чеснок 3 шт.,60770,https://svoe-rodnoe.ru/category/zelen/10872-926-molodoj-chesnok-3-sht,чеснок,"[""молодой""]",1,1,1,1,0,0,1,1,1,1,1,1,0,3
Лукино,Овощи и фрукты,перец сладкий красный 1 кг.,60802,https://svoe-rodnoe.ru/category/vegetables/10872-4914-perec-sladkij-krasnyj-1-kg,перец,"[""сладкий"", ""красный""]",0,0,0,0,0,0,0,1,1,1,0,0,0,10
Лукино,Овощи и фрукты,помидоры столовые 1 кг.,60789,https://svoe-rodnoe.ru/category/vegetables/10872-1073-pomidory-stolovye-1-kg,помидор,"[""столовая""]",0,0,0,0,0,0,1,1,1,0,0,0,0,10
Лукино,Овощи и фрукты,"редиска 0,2 кг.",60760,https://svoe-rodnoe.ru/category/zelen/10872-324-rediska-0-2-kg,редис,[],0,0,0,0,1,1,0,0,0,0,0,0,0,11
Лукино,Овощи и фрукты,свинушки 1 кг.,60799,https://svoe-rodnoe.ru/category/vegetables/10872-5007-svinushki-1-kg,свинушка,[],1,1,1,1,1,1,1,1,1,1,1,1,0,1
Лукино,Овощи и фрукты,тыква 1 кг.,60782,https://svoe-rodnoe.ru/category/vegetables/10872-497-tykva-1-kg,тыква,[],1,1,0,0,0,0,0,0,1,1,1,1,0,7
Лукино,Овощи и фрукты,"черная редька 0,5 кг.",60773,https://svoe-rodnoe.ru/category/vegetables/10872-4709-chernaja-red-ka-0-5-kg,редька,"[""чёрный""]",1,1,0,0,0,0,0,0,1,1,1,1,0,7
Лукино,Овощи и фрукты,черная смородина 1 кг.,60955,https://svoe-rodnoe.ru/category/berries/10872-975-chernaja-smorodina-1-kg,смородина,"[""чёрный""]",0,0,0,0,0,0,1,1,0,0,0,0,0,11
Лукино,Рыба и морепродукты,щука 2 кг.,60520,https://svoe-rodnoe.ru/category/ryba/10872-5192-schuka-2-kg,щука,[],1,1,1,1,1,1,1,1,1,1,1,1,0,1
Экоферма ОГО-РОД,Овощи и фрукты,малина сублимированная,154341,https://svoe-rodnoe.ru/category/dried-fruits/10060-12344-malina-sublimirovannaja,малина,"[""сублимировать""]",0,0,0,0,0,0,1,1,0,0,0,0,0,11
Экоферма ОГО-РОД,Овощи и фрукты,яблоки кисло-сладкие,63123,https://svoe-rodnoe.ru/category/fruits/10060-01-jabloki,яблоко,"[""кисло"", ""сладкий""]",1,1,1,0,0,0,0,1,1,1,1,1,0,5
БИО ферма улиток,Рыба и морепродукты,икра улитки helix aspersa 100 г.,34581,https://svoe-rodnoe.ru/category/drugie-moreprodukty/10227-0019-ikra-ulitki-helix-aspersa-100-g,икра,"[""улитка"", ""helix"", ""aspersa""]",1,1,1,1,1,1,1,1,1,1,1,1,1,1
БИО ферма улиток,Рыба и морепродукты,мясо улиток в чесночном соусе в тарталетках,34568,https://svoe-rodnoe.ru/category/drugie-moreprodukty/10227-0008-mjaso-ulitok-v-chesnochnom-souse-v-tartaletkah,мясо,"[""улитка"", ""чесночный"", ""соус"", ""тарталетка""]",1,1,1,1,1,1,1,1,1,1,1,1,0,1
БИО ферма улиток,Рыба и морепродукты,улитки в ореховом соусе по-лимузински,34563,https://svoe-rodnoe.ru/category/drugie-moreprodukty/10227-0005-ulitki-v-orehovom-souse-po-limuzinski,улитка,"[""орехов"", ""соус"", ""лимузинск""]",1,1,1,1,1,1,1,1,1,1,1,1,1,1
БИО ферма улиток,Рыба и морепродукты,улитки в соусе конфунги (с грибами),34566,https://svoe-rodnoe.ru/category/drugie-moreprodukty/10227-0007-ulitki-v-souse-konfungi-s-gribami,улитка,"[""соус"", ""конфунг"", ""гриб""]",1,1,1,1,1,1,1,1,1,1,1,1,1,1
БИО ферма улиток,Рыба и морепродукты,улитки в чесночном соусе по-бургундски,34561,https://svoe-rodnoe.ru/category/drugie-moreprodukty/10227-0002-ulitki-v-chesnochnom-souse-po-burgundski,улитка,"[""чесночный"", ""соус"", ""бургундски""]",1,1,1,1,1,1,1,1,1,1,1,1,1,1
БИО ферма улиток,Рыба и морепродукты,филе улитки готовое,34571,https://svoe-rodnoe.ru/category/drugie-moreprodukty/10227-0012-file-ulitki-gotovoe,филе,"[""улитка"", ""готовый""]",1,1,1,1,1,1,1,1,1,1,1,1,0,1
ШААКЕН ДОРФ,Бакалея,"какао-порошок алкализованный, крафт-пакет, 100 гр",175679,https://svoe-rodnoe.ru/category/kofe-i-kakao/10127-110-kakao-poroshok-alkalizovannyj-kraft-paket-100-gr,какао,"[""порошок"", ""алкализовать"", ""крафт"", ""пакет""]",1,1,1,1,1,1,1,1,1,1,1,1,0,1
БИО ферма улиток,Рыба и морепродукты,икра улитки helix aspersa классическая 250 г.,34582,https://svoe-rodnoe.ru/category/caviar/10227-0020-ikra-ulitki-helix-aspersa-klassicheskaja-250-g,икра,"[""улитка"", ""helix"", ""aspersa"", ""классический""]",1,1,1,1,1,1,1,1,1,1,1,1,1,1
БИО ферма улиток,Рыба и морепродукты,улитки в соусе пикантный (в горчичном соусе),34564,https://svoe-rodnoe.ru/category/drugie-moreprodukty/10227-0006-ulitki-v-souse-pikantnyj-v-gorchichnom-souse,улитка,"[""соус"", ""пикантный"", ""горчичный"", ""соус""]",1,1,1,1,1,1,1,1,1,1,1,1,1,1
БИО ферма улиток,Рыба и морепродукты,"улитки с жареным арахисом ""по-сомьерски""",34570,https://svoe-rodnoe.ru/category/drugie-moreprodukty/10227-0011-ulitki-s-zharenym-arahisom-po-som-erski,улитка,"[""жареный"", ""арахис"", ""сомьерски""]",1,1,1,1,1,1,1,1,1,1,1,1,1,1
Никитин Ферм,Бакалея,икра кабачковая,26787,https://svoe-rodnoe.ru/category/ovoschi-konservirovannye/10619-003-000031-ikra-kabachkovaja,икра,"[""кабачковый""]",1,1,1,1,1,1,1,1,1,1,1,1,1,1
Никитин Ферм,Бакалея,морковь по-корейски,26779,https://svoe-rodnoe.ru/category/marinovannaja-i-solenaja/10619-003-000009-morkov-po-korejski,морковь,"[""корейски""]",1,1,1,1,0,0,1,1,1,1,1,1,0,3
Никитин Ферм,Бакалея,тушенка свинина-говядина,26798,https://svoe-rodnoe.ru/category/stew/10619-003-000005-tushenka-svinina-govjadina,тушёнка,"[""свинина"", ""говядина""]",1,1,1,1,1,1,1,1,1,1,1,1,0,1
Никитин Ферм,Бакалея,холодец куриный домашний,26775,https://svoe-rodnoe.ru/category/zakuski-salaty-i-supy/10619-003-000002-holodec-kurinyj,холодец,"[""куриный"", ""домашний""]",1,1,1,1,1,1,1,1,1,1,1,1,0,1
Никитин Ферм,Бакалея,хрен столовый протертый,26797,https://svoe-rodnoe.ru/category/butter-sauces/10619-004-000090-hren-stolovyj,хрен,"[""столовый"", ""протёртый""]",1,1,1,1,1,1,1,1,1,1,1,1,0,1
Никитин Ферм,Мясо и птица,баранина задок,26405,https://svoe-rodnoe.ru/category/mutton/10619-004-000039-baranina-zadok,баранина,"[""задок""]",1,1,1,1,1,1,1,1,1,1,1,1,0,1
Никитин Ферм,Мясо и птица,"баранина комплект (почки, печень, сердце)",26403,https://svoe-rodnoe.ru/category/subprodukty/10619-004-000036-baranina-komplekt-pochki-pechen-serdce,баранина,"[""комплект"", ""почка"", ""печень"", ""сердце""]",1,1,1,1,1,1,1,1,1,1,1,1,0,1
Никитин Ферм,Мясо и птица,баранина лопатка с костью,26404,https://svoe-rodnoe.ru/category/mutton/10619-004-000037-baranina-lopatka-s-kost-ju-perednjaja-noga,баранина,"[""лопатка"", ""кость""]",1,1,1,1,1,1,1,1,1,1,1,1,0,1
Никитин Ферм,Мясо и птица,говядина лопатка,25906,https://svoe-rodnoe.ru/category/govjadina/10619-004-000014-govjadina-lopatka,говядина,"[""лопатка""]",1,1,1,1,1,1,1,1,1,1,1,1,0,1
Никитин Ферм,Мясо и птица,говядина мякоть,25908,https://svoe-rodnoe.ru/category/mjakot-govjadiny/10619-004-000015-govjadina-mjakot,говядина,"[""мякоть""]",1,1,1,1,1,1,1,1,1,1,1,1,0,1
Никитин Ферм,Мясо и птица,говядина сердце,25942,https://svoe-rodnoe.ru/category/subprodukty/10619-004-000019-govjadina-serdce,говядина,"[""сердце""]",1,1,1,1,1,1,1,1,1,1,1,1,0,1
Никитин Ферм,Мясо и птица,грудинка копчёная,25355,https://svoe-rodnoe.ru/category/kopchenoe-i-vjalenoe-mjaso/10619-004-000081-grudinka-kopchjonaja,грудинка,"[""копчёный""]",1,1,1,1,1,1,1,1,1,1,1,1,0,1
Никитин Ферм,Мясо и птица,гусь тушка,25898,https://svoe-rodnoe.ru/category/goose-n-duck/10619-004-000011-gus,гусь,"[""тушка""]",0,0,0,0,0,0,0,0,0,0,1,0,0,12
Никитин Ферм,Мясо и птица,перепелка,25891,https://svoe-rodnoe.ru/category/perepela/10619-004-000007-perepelka,перепёлка,[],1,1,1,1,1,1,1,1,1,1,1,1,1,1
Никитин Ферм,Мясо и птица,сало копчёное,25346,https://svoe-rodnoe.ru/category/salo/10619-004-000076-salo-kopchjonoe,сало,"[""копчёный""]",1,1,1,1,1,1,1,1,1,1,1,1,0,1
Никитин Ферм,Мясо и птица,свинина подчеревок,26394,https://svoe-rodnoe.ru/category/grudinka-svinaja/10619-004-000031-svinina-podcherevok-puzo-kak-grudinka,свинина,"[""подчерёвка""]",1,1,1,1,1,1,1,1,1,1,1,1,0,1
Никитин Ферм,Мясо и птица,свиные стейки,26398,https://svoe-rodnoe.ru/category/svinoj-stejk/10619-004-000034-svinye-stejki,стейк,"[""свиной""]",1,1,1,1,1,1,1,1,1,1,1,1,1,1
Никитин Ферм,Мясо и птица,утка бройлерная домашняя,25894,https://svoe-rodnoe.ru/category/utka/10619-004-000009-utka-brojlernaja,утка,"[""бройлерный"", ""домашний""]",0,0,0,0,0,0,0,0,1,1,1,0,0,10
Никитин Ферм,Мясо и птица,цыплята корнишон,25889,https://svoe-rodnoe.ru/category/chicken/10619-004-000006-cypljata-kornishon,цыплёнок,"[""корнишон""]",1,1,1,1,1,1,1,1,1,1,1,1,0,1
Никитин Ферм,Овощи и фрукты,укроп ароматный,25401,https://svoe-rodnoe.ru/category/zelen/10619-005-000015-ukrop,укроп,"[""ароматный""]",1,1,1,1,1,1,1,1,1,1,1,1,0,1
Никитин Ферм,Овощи и фрукты,чеснок молодой,25378,https://svoe-rodnoe.ru/category/vegetables/10619-005-000005-chesnok,чеснок,"[""молодой""]",1,1,1,1,0,0,1,1,1,1,1,1,0,3
Никитин Ферм,Овощи и фрукты,яблоки сезонные,25400,https://svoe-rodnoe.ru/category/fruits/10619-005-000011-jabloki-sezonnye,яблоко,"[""сезонный""]",1,1,1,0,0,0,0,1,1,1,1,1,0,5
Никитин Ферм,Бакалея,свекла по-корейски,26781,https://svoe-rodnoe.ru/category/marinovannaja-i-solenaja/10619-003-000011-svekla-po-korejski,свекла,"[""корейски""]",1,1,1,1,0,0,1,1,1,1,1,1,0,3
Никитин Ферм,Мясо и птица,балык свиной холодного копчения,25357,https://svoe-rodnoe.ru/category/kopchenoe-i-vjalenoe-mjaso/10619-004-000082-balyk-svinoj-holodnogo-kopchenija,балык,"[""свиной"", ""холодное"", ""копчение""]",1,1,1,1,1,1,1,1,1,1,1,1,1,1
Никитин Ферм,Мясо и птица,баранина внутренний жир,26400,https://svoe-rodnoe.ru/category/subprodukty/10619-004-000035-baranina-vnutrennij-zhir,баранина,"[""внутренний"", ""жир""]",1,1,1,1,1,1,1,1,1,1,1,1,0,1
Никитин Ферм,Мясо и птица,баранина сетка (внутренний жир),26641,https://svoe-rodnoe.ru/category/mutton/10619-004-000070-baranina-setka-vnutrennij-zhir,баранина,"[""сетка"", ""внутренний"", ""жир""]",1,1,1,1,1,1,1,1,1,1,1,1,0,1
Никитин Ферм,Мясо и птица,буженина запеченная в фольге,25328,https://svoe-rodnoe.ru/category/kopchenoe-i-vjalenoe-mjaso/10619-002-000001-buzhenina-zapechennaja-v-fol-ge,буженина,"[""запечь"", ""фольга""]",1,1,1,1,1,1,1,1,1,1,1,1,0,1
Никитин Ферм,Мясо и птица,говядина вырезка очищенная,25917,https://svoe-rodnoe.ru/category/govjazh-ja-vyrezka/10619-004-000021-govjadina-vyrezka-ochischennaja,говядина,"[""вырезка"", ""очистить""]",1,1,1,1,1,1,1,1,1,1,1,1,0,1
Лукино,Бакалея,"аджика жгучая 0,1 л.",60668,https://svoe-rodnoe.ru/category/butter-sauces/10872-4671-adzhika-zhguchaja-0-1-l,аджика,"[""жгучий""]",1,1,1,1,1,1,1,1,1,1,1,1,0,1
Никитин Ферм,Мясо и птица,говядина лёгкое,25945,https://svoe-rodnoe.ru/category/subprodukty/10619-004-000020-govjadina-ljogkoe,говядина,"[""лёгкий""]",1,1,1,1,1,1,1,1,1,1,1,1,0,1
Никитин Ферм,Мясо и птица,"говядина на кости, шейка",25910,https://svoe-rodnoe.ru/category/govjazh-ja-sheja/10619-004-000016-govjadina-shejka-s-kost-ju,говядина,"[""кость"", ""шейк""]",1,1,1,1,1,1,1,1,1,1,1,1,0,1
Лукино,Бакалея,"аджика из баклажан 0,5 л.",60670,https://svoe-rodnoe.ru/category/butter-sauces/10872-503-adzhika-iz-baklazhan-0-5-l,аджика,"[""баклажан""]",1,1,1,1,1,1,1,1,1,1,1,1,0,1
Лукино,Бакалея,бараний бульон 1 л.,60892,https://svoe-rodnoe.ru/category/supy-i-bul-ony/10872-372-baranij-bul-on-1-l,бульон,"[""бараний""]",1,1,1,1,1,1,1,1,1,1,1,1,0,1
Никитин Ферм,Мясо и птица,говядина рулька-бульонка,25919,https://svoe-rodnoe.ru/category/govjadina/10619-004-000022-govjadina-rul-ka-bul-onka,говядина,"[""рулька"", ""бульонка""]",1,1,1,1,1,1,1,1,1,1,1,1,0,1
Лукино,Бакалея,"бочковые помидоры 1,5 л.",61065,https://svoe-rodnoe.ru/category/marinovannaja-i-solenaja/10872-4930-bochkovye-pomidory-1-5-l,помидор,"[""бочковый""]",0,0,0,0,0,0,1,1,1,0,0,0,0,10
Лукино,Бакалея,"говяжья тушенка 0,5 л.",60648,https://svoe-rodnoe.ru/category/stew/10872-365-govjazh-ja-tushenka-0-5-l,тушёнка,"[""говяжий""]",1,1,1,1,1,1,1,1,1,1,1,1,0,1
Лукино,Бакалея,драники постные 4 шт.,60970,https://svoe-rodnoe.ru/category/zakuski-salaty-i-supy/10872-5314-draniki-postnye-4-sht,драник,"[""постный""]",1,1,1,1,1,1,1,1,1,1,1,1,0,1
Лукино,Бакалея,"капуста по-грузински 0,5 кг.",61067,https://svoe-rodnoe.ru/category/marinovannaja-i-solenaja/10872-5267-kapusta-po-gruzinski-0-5-kg,капуста,"[""грузински""]",1,1,1,0,0,0,0,1,1,1,1,1,0,5
Никитин Ферм,Мясо и птица,курица бройлерная,24868,https://svoe-rodnoe.ru/category/chicken/10619-0010-kurica-brojlernaja,курица,"[""бройлерный""]",1,1,1,1,1,1,1,1,1,1,1,1,0,1
Никитин Ферм,Мясо и птица,курица несушка,25724,https://svoe-rodnoe.ru/category/chicken/10619-004-000005-kurica-nesushka,курица,"[""несушка""]",1,1,1,1,1,1,1,1,1,1,1,1,0,1
Лукино,Бакалея,"каша овсяная 0,25 кг.",60531,https://svoe-rodnoe.ru/category/suhie-zavtraki/10872-5238-kasha-ovsjanaja-0-25-kg,каша,"[""овсяный""]",1,1,1,1,1,1,1,1,1,1,1,1,0,1
Лукино,Бакалея,маринованные огурчики 3 л.,61061,https://svoe-rodnoe.ru/category/marinovannaja-i-solenaja/10872-509-marinovannye-ogurchiki-3-l,огурец,"[""мариновать""]",1,1,1,1,1,1,1,1,1,1,1,1,0,1
Никитин Ферм,Мясо и птица,ребра копченые,25332,https://svoe-rodnoe.ru/category/kopchenoe-i-vjalenoe-mjaso/10619-002-000008-rebra-kopchenye,ребро,"[""копчёный""]",1,1,1,1,1,1,1,1,1,1,1,1,0,1
Никитин Ферм,Мясо и птица,рулька копчёная,25333,https://svoe-rodnoe.ru/category/kopchenoe-i-vjalenoe-mjaso/10619-002-000009-rul-ka-kopchjonaja,рулька,"[""копчёный""]",1,1,1,1,1,1,1,1,1,1,1,1,0,1
Лукино,Бакалея,моченые яблоки 1 кг.,61060,https://svoe-rodnoe.ru/category/marinovannaja-i-solenaja/10872-5116-mochenye-jabloki-1-kg,яблоко,"[""мочёный""]",1,1,1,0,0,0,0,1,1,1,1,1,0,5
Лукино,Бакалея,"мятный нектар 0,1 кг.",61163,https://svoe-rodnoe.ru/category/chai-i-travy/10872-248-mjatnyj-nektar-0-1-kg,нектар,"[""мятный""]",1,1,1,1,1,1,1,1,1,1,1,1,0,1
Никитин Ферм,Мясо и птица,сало крученое с чесноком,25352,https://svoe-rodnoe.ru/category/salo/10619-002-000016-salo-kruchenoe-s-chesnokom,сало,"[""кручёный"", ""чеснок""]",1,1,1,1,1,1,1,1,1,1,1,1,0,1
Никитин Ферм,Мясо и птица,сало солёное,25344,https://svoe-rodnoe.ru/category/salo/10619-004-000077-salo-soljonoe,сало,"[""солёный""]",1,1,1,1,1,1,1,1,1,1,1,1,0,1
Лукино,Бакалея,"плов с белыми грибами 0,5 кг.",60971,https://svoe-rodnoe.ru/category/zakuski-salaty-i-supy/10872-434-plov-s-belymi-gribami-0-5-kg,плов,"[""белый"", ""гриб""]",1,1,1,1,1,1,1,1,1,1,1,1,0,1
Лукино,Бакалея,"соус грибной 0,25 кг.",60673,https://svoe-rodnoe.ru/category/butter-sauces/10872-4691-sous-gribnoj-0-25-kg,соус,"[""грибной""]",1,1,1,1,1,1,1,1,1,1,1,1,0,1
Лукино,Бакалея,"томатный соус «летний» 0,25 л.",60666,https://svoe-rodnoe.ru/category/butter-sauces/10872-4913-tomatnyj-sous-letnij-0-25-l,соус,"[""томатный"", ""летний""]",1,1,1,1,1,1,1,1,1,1,1,1,0,1
Лукино,Бакалея,"тушенка из крыльев индейки 0,5 л.",60646,https://svoe-rodnoe.ru/category/stew/10872-5097-tushenka-iz-kryl-ev-indejki-0-5-l,тушёнка,"[""крыло"", ""индейка""]",1,1,1,1,1,1,1,1,1,1,1,1,0,1
Никитин Ферм,Мясо и птица,свинина окорок,26393,https://svoe-rodnoe.ru/category/svinoj-okorok/10619-004-000029-svinina-okorok,свинина,"[""окорка""]",1,1,1,1,1,1,1,1,1,1,1,1,0,1
Лукино,Бакалея,"цыплята в собственном соку 0,5 л.",60652,https://svoe-rodnoe.ru/category/stew/10872-367-cypljata-v-sobstvennom-soku-0-5-l,цыплёнок,"[""собственный"", ""сок""]",1,1,1,1,1,1,1,1,1,1,1,1,0,1
Лукино,Заморозка,бараньи люля-кебаб 2 шт.,60949,https://svoe-rodnoe.ru/category/kotlety/10872-1303-baran-i-ljulja-kebab-2-sht,люля,"[""бараний"", ""кебаб""]",1,1,1,1,1,1,1,1,1,1,1,1,0,1
Лукино,Заморозка,кундюмы 1 кг.,61154,https://svoe-rodnoe.ru/category/pel-meni/10872-221-kundjumy-1-kg,кундюма,[],1,1,1,1,1,1,1,1,1,1,1,1,0,1
Никитин Ферм,Овощи и фрукты,капуста молодая,25373,https://svoe-rodnoe.ru/category/vegetables/10619-005-000002-kapusta,капуста,"[""молодой""]",1,1,1,0,0,0,0,1,1,1,1,1,0,5
Лукино,Заморозка,"равиоли с кроликом 0,25 кг.",61142,https://svoe-rodnoe.ru/category/pel-meni/10872-2587-ravioli-s-krolikom-0-25-kg,равиоли,"[""кролик""]",1,1,1,1,1,1,1,1,1,1,1,1,0,1
Лукино,Заморозка,"равиоли с рикоттой 0,25 кг.",61141,https://svoe-rodnoe.ru/category/pel-meni/10872-2590-ravioli-s-rikottoj-0-25-kg,равиоли,"[""рикоттой""]",1,1,1,1,1,1,1,1,1,1,1,1,0,1
Никитин Ферм,Овощи и фрукты,лук репчатый,25397,https://svoe-rodnoe.ru/category/vegetables/10619-005-000010-luk-repchatyj,лук,"[""репчатый""]",1,1,1,1,1,1,1,1,1,1,1,1,0,1
Никитин Ферм,Овощи и фрукты,морковь,25377,https://svoe-rodnoe.ru/category/vegetables/10619-005-000004-morkov,морковь,[],1,1,1,1,0,0,1,1,1,1,1,1,0,3
Лукино,Заморозка,свино-говяжьи люля-кебаб 2 шт.,60937,https://svoe-rodnoe.ru/category/kotlety/10872-1302-svino-govjazh-i-ljulja-kebab-2-sht,свино,"[""говяжий"", ""люля"", ""кебаб""]",1,1,1,1,1,1,1,1,1,1,1,1,0,1
Лукино,Заморозка,чебуреки с бараниной 5 шт.,61123,https://svoe-rodnoe.ru/category/polufabrikaty-mjasnye/10872-5191-chebureki-s-baraninoj-5-sht,чебурек,"[""баранина""]",1,1,1,1,1,1,1,1,1,1,1,1,0,1
Лукино,Мед и пчеловодство,"забрус 0,25 л.",61085,https://svoe-rodnoe.ru/category/prochaja-produkcija-pchelovodstva/10872-5099-zabrus-0-25-l,забрус,[],1,1,1,1,1,1,1,1,1,1,1,1,0,1
Лукино,Мясо и птица,"бараний фарш 0,5 кг.",60748,https://svoe-rodnoe.ru/category/farsh/10872-146-baranij-farsh-0-5-kg,фарш,"[""бараний""]",1,1,1,1,1,1,1,1,1,1,1,1,0,1
Лукино,Мясо и птица,баранье рагу на косточке 1 кг.,60847,https://svoe-rodnoe.ru/category/mutton/10872-4941-baran-e-ragu-na-kostochke-1-kg,рагу,"[""бараний"", ""косточка""]",1,1,1,1,1,1,1,1,1,1,1,1,0,1
Лукино,Мясо и птица,"бараньи язычки 0,5 кг.",60844,https://svoe-rodnoe.ru/category/mutton/10872-1856-baran-i-jazychki-0-5-kg,язычок,"[""бараний""]",1,1,1,1,1,1,1,1,1,1,1,1,0,1
Лукино,Мясо и птица,баранья бульонка 1 кг.,60842,https://svoe-rodnoe.ru/category/mutton/10872-4942-baran-ja-bul-onka-1-kg,бульонка,"[""бараний""]",1,1,1,1,1,1,1,1,1,1,1,1,0,1
Лукино,Мясо и птица,"баранья шея 0,5 кг.",60846,https://svoe-rodnoe.ru/category/mutton/10872-4665-baran-ja-sheja-0-5-kg,шея,"[""бараний""]",1,1,1,1,1,1,1,1,1,1,1,1,0,1
Лукино,Мясо и птица,барашек 20 кг.,60841,https://svoe-rodnoe.ru/category/mutton/10872-128-barashek-20-kg,барашек,[],1,1,1,1,1,1,1,1,1,1,1,1,0,1
Лукино,Мясо и птица,булдыжка говяжья 1 кг.,60610,https://svoe-rodnoe.ru/category/govjadina/10872-5286-buldyzhka-govjazh-ja-1-kg,булдыжка,"[""говяжий""]",1,1,1,1,1,1,1,1,1,1,1,1,0,1
Лукино,Мясо и птица,говяжье вымя 1 кг.,60618,https://svoe-rodnoe.ru/category/govjadina/10872-5209-govjazh-e-vymja-1-kg,вымя,"[""говяжий""]",1,1,1,1,1,1,1,1,1,1,1,1,0,1
Лукино,Мясо и птица,говяжье рагу на косточке 1 кг.,60617,https://svoe-rodnoe.ru/category/govjadina/10872-5294-govjazh-e-ragu-na-kostochke-1-kg,рагу,"[""говяжий"", ""косточка""]",1,1,1,1,1,1,1,1,1,1,1,1,0,1
Лукино,Мясо и птица,говяжья вырезка 1 кг.,60605,https://svoe-rodnoe.ru/category/govjadina/10872-5094-govjazh-ja-vyrezka-1-kg,вырезка,"[""говяжий""]",1,1,1,1,1,1,1,1,1,1,1,1,0,1
Лукино,Мясо и птица,говяжья голяшка для холодца 1 кг.,60600,https://svoe-rodnoe.ru/category/govjadina/10872-393-govjazh-ja-goljashka-dlja-holodca-1-kg,голяшка,"[""говяжий"", ""холодец""]",1,1,1,1,1,1,1,1,1,1,1,1,0,1
Лукино,Мясо и птица,"гуляш из индейки 0,5 кг.",60921,https://svoe-rodnoe.ru/category/indejka/10872-5084-guljash-iz-indejki-0-5-kg,гуляш,"[""индейка""]",1,1,1,1,1,1,1,1,1,1,1,1,0,1
Лукино,Мясо и птица,"гуляш из свинины 0,5 кг.",60882,https://svoe-rodnoe.ru/category/svinina/10872-5082-guljash-iz-svininy-0-5-kg,гуляш,"[""свинин""]",1,1,1,1,1,1,1,1,1,1,1,1,0,1
Лукино,Мясо и птица,домашний гусь 4 кг.,61076,https://svoe-rodnoe.ru/category/chicken/10872-92-domashnij-gus-4-kg,гусь,"[""домашний""]",0,0,0,0,0,0,0,0,0,0,1,0,0,12
Лукино,Мясо и птица,"домашний петух 1,2 кг.",60912,https://svoe-rodnoe.ru/category/chicken/10872-483-domashnij-petuh-1-2-kg,петух,"[""домашний""]",1,1,1,1,1,1,1,1,1,1,1,1,0,1
Лукино,Мясо и птица,домашняя утка 2 кг.,61072,https://svoe-rodnoe.ru/category/chicken/10872-132-domashnjaja-utka-2-kg,утка,"[""домашний""]",0,0,0,0,0,0,0,0,1,1,1,0,0,10
Лукино,Мясо и птица,"запеченная баранья лопатка 1,2 кг.",61007,https://svoe-rodnoe.ru/category/mjasnye-delikatesy/10872-5147-zapechennaja-baran-ja-lopatka-1-2-kg,лопатка,"[""запечь"", ""бараний""]",1,1,1,1,1,1,1,1,1,1,1,1,0,1
Лукино,Мясо и птица,запеченный бараний окорок 2 кг.,61008,https://svoe-rodnoe.ru/category/mjasnye-delikatesy/10872-5146-zapechennyj-baranij-okorok-2-kg,окорка,"[""запечь"", ""бараний""]",1,1,1,1,1,1,1,1,1,1,1,1,0,1
Лукино,Мясо и птица,индюшка 6 кг.,60919,https://svoe-rodnoe.ru/category/indejka/10872-118-indjushka-6-kg,индюшка,[],1,1,1,1,1,1,1,1,1,1,1,1,0,1
Лукино,Мясо и птица,куриные головы 1 кг.,60893,https://svoe-rodnoe.ru/category/chicken/10872-4783-kurinye-golovy-1-kg,голова,"[""куриный""]",1,1,1,1,1,1,1,1,1,1,1,1,0,1
Лукино,Мясо и птица,"куриные желудки 0,5 кг.",60901,https://svoe-rodnoe.ru/category/chicken/10872-4604-kurinye-zheludki-0-5-kg,желудок,"[""куриный""]",1,1,1,1,1,1,1,1,1,1,1,1,0,1
Лукино,Мясо и птица,"куриные окорочка 0,5 кг.",60911,https://svoe-rodnoe.ru/category/chicken/10872-902-kurinye-okorochka-0-5-kg,окорочка,"[""куриный""]",1,1,1,1,1,1,1,1,1,1,1,1,0,1
Лукино,Мясо и птица,"куриные сердечки замороженные 0,5 кг.",60907,https://svoe-rodnoe.ru/category/chicken/10872-4597-kurinye-serdechki-zamorozhennye-0-5-kg,сердечко,"[""куриный"", ""заморозить""]",1,1,1,1,1,1,1,1,1,1,1,1,0,1
Лукино,Мясо и птица,мозговая косточка 1 кг.,60607,https://svoe-rodnoe.ru/category/govjadina/10872-4788-mozgovaja-kostochka-1-kg,косточка,"[""мозговой""]",1,1,1,1,1,1,1,1,1,1,1,1,0,1
Лукино,Мясо и птица,молодой козлёнок 10 кг.,60985,https://svoe-rodnoe.ru/category/kozljatina/10872-4693-molodoj-kozljonok-10-kg,козлёнок,"[""молодой""]",1,1,1,1,1,1,1,1,1,1,1,1,1,1
Лукино,Мясо и птица,молочные поросята 5 кг.,60862,https://svoe-rodnoe.ru/category/svinina/10872-105-molochnye-porosjata-5-kg,поросёнок,"[""молочный""]",1,1,1,1,1,1,1,1,1,1,1,1,0,1
Лукино,Мясо и птица,"мякоть оленя 0,5 кг.",60988,https://svoe-rodnoe.ru/category/dich/10872-4294-mjakot-olenja-0-5-kg,мякоть,"[""олень""]",1,1,1,1,1,1,1,1,1,1,1,1,0,1
Лукино,Мясо и птица,перепелка в маринаде 1 шт.,61075,https://svoe-rodnoe.ru/category/chicken/10872-5143-perepelka-v-marinade-1-sht,перепёлка,"[""маринад""]",1,1,1,1,1,1,1,1,1,1,1,1,1,1
Лукино,Мясо и птица,"печень индейки 0,25 кг.",60920,https://svoe-rodnoe.ru/category/indejka/10872-4730-pechen-indejki-0-25-kg,печень,"[""индейка""]",1,1,1,1,1,1,1,1,1,1,1,1,0,1
Лукино,Мясо и птица,"печень ягненка 0,5 кг.",60843,https://svoe-rodnoe.ru/category/mutton/10872-4969-pechen-jagnenka-0-5-kg,печень,"[""ягнёнок""]",1,1,1,1,1,1,1,1,1,1,1,1,0,1
Лукино,Мясо и птица,половина поросенка 10 кг.,60873,https://svoe-rodnoe.ru/category/svinina/10872-4147-polovina-porosenka-10-kg,половина,"[""поросёнок""]",1,1,1,1,1,1,1,1,1,1,1,1,0,1
Лукино,Мясо и птица,"сало без прослойки 0,25 кг.",60876,https://svoe-rodnoe.ru/category/salo/10872-176-salo-bez-proslojki-0-25-kg,сало,"[""прослойка""]",1,1,1,1,1,1,1,1,1,1,1,1,0,1
Лукино,Мясо и птица,свиная бульонка 1 кг.,60881,https://svoe-rodnoe.ru/category/svinina/10872-5249-svinaja-bul-onka-1-kg,бульонка,"[""свиной""]",1,1,1,1,1,1,1,1,1,1,1,1,0,1
Лукино,Мясо и птица,"свиная мякоть 0,5 кг.",60865,https://svoe-rodnoe.ru/category/svinina/10872-103-svinaja-mjakot-0-5-kg,мякоть,"[""свиной""]",1,1,1,1,1,1,1,1,1,1,1,1,0,1
Лукино,Мясо и птица,свиной карбонад 1 кг.,60880,https://svoe-rodnoe.ru/category/svinina/10872-119-svinoj-karbonad-1-kg,карбонад,"[""свиной""]",1,1,1,1,1,1,1,1,1,1,1,1,0,1
Лукино,Мясо и птица,"свиной шашлык 0,5 кг.",60739,https://svoe-rodnoe.ru/category/shashlyk/10872-147-svinoj-shashlyk-0-5-kg,шашлык,"[""свиной""]",1,1,1,1,1,1,1,1,1,1,1,1,0,1
Лукино,Мясо и птица,свиные ребрышки 1 кг.,60861,https://svoe-rodnoe.ru/category/svinye-rebra/10872-98-svinye-rebryshki-1-kg,рёбрышко,"[""свиной""]",1,1,1,1,1,1,1,1,1,1,1,1,0,1
Лукино,Мясо и птица,"стейк айраунд 0,3 кг.",60596,https://svoe-rodnoe.ru/category/govjadina/10872-4831-stejk-ajraund-0-3-kg,стейк,"[""айраунд""]",1,1,1,1,1,1,1,1,1,1,1,1,1,1
Лукино,Мясо и птица,"стейк ковбой 0,35 кг.",60615,https://svoe-rodnoe.ru/category/govjadina/10872-4833-stejk-kovboj-0-35-kg,стейк,"[""ковбой""]",1,1,1,1,1,1,1,1,1,1,1,1,1,1
Лукино,Мясо и птица,утка в маринаде 2 кг.,61071,https://svoe-rodnoe.ru/category/chicken/10872-5136-utka-v-marinade-2-kg,утка,"[""маринад""]",0,0,0,0,0,0,0,0,1,1,1,0,0,10
Лукино,Мясо и птица,"фарш из индейки 0,5 кг.",60745,https://svoe-rodnoe.ru/category/farsh/10872-1500-farsh-iz-indejki-0-5-kg,фарш,"[""индейка""]",1,1,1,1,1,1,1,1,1,1,1,1,0,1
Лукино,Мясо и птица,"фарш из кролика с индейкой 0,5 кг.",60753,https://svoe-rodnoe.ru/category/farsh/10872-4815-farsh-iz-krolika-s-indejkoj-0-5-kg,фарш,"[""кролик"", ""индейка""]",1,1,1,1,1,1,1,1,1,1,1,1,0,1
Лукино,Мясо и птица,"фарш из кролика с курицей 0,5 кг.",60747,https://svoe-rodnoe.ru/category/farsh/10872-4817-farsh-iz-krolika-s-kuricej-0-5-kg,фарш,"[""кролик"", ""курица""]",1,1,1,1,1,1,1,1,1,1,1,1,0,1
Лукино,Мясо и птица,"филе бедра индейки 0,5 кг.",60915,https://svoe-rodnoe.ru/category/indejka/10872-5075-file-bedra-indejki-0-5-kg,филе,"[""бедро"", ""индейка""]",1,1,1,1,1,1,1,1,1,1,1,1,0,1
Лукино,Мясо и птица,"холодец 0,5 кг.",61015,https://svoe-rodnoe.ru/category/mjasnye-delikatesy/10872-5057-holodec-0-5-kg,холодец,[],1,1,1,1,1,1,1,1,1,1,1,1,0,1
Лукино,Мясо и птица,"холодец свино-индюшиный 0,5 кг.",61016,https://svoe-rodnoe.ru/category/mjasnye-delikatesy/10872-5125-holodec-svino-indjushinyj-0-5-kg,холодец,"[""свино"", ""индюшиный""]",1,1,1,1,1,1,1,1,1,1,1,1,0,1
Лукино,Мясо и птица,шашлык из индейки 1 кг.,60733,https://svoe-rodnoe.ru/category/shashlyk/10872-234-shashlyk-iz-indejki-1-kg,шашлык,"[""индейка""]",1,1,1,1,1,1,1,1,1,1,1,1,0,1
Лукино,Мясо и птица,шашлык из телятины 1 кг.,60740,https://svoe-rodnoe.ru/category/shashlyk/10872-148-shashlyk-iz-teljatiny-1-kg,шашлык,"[""телятина""]",1,1,1,1,1,1,1,1,1,1,1,1,0,1
Лукино,Овощи и фрукты,баклажаны 1 кг.,60790,https://svoe-rodnoe.ru/category/vegetables/10872-4880-baklazhany-1-kg,баклажан,[],0,0,0,0,0,0,1,1,1,0,0,0,0,10
Лукино,Овощи и фрукты,"баклажаны по-корейски 0,25 л.",60642,https://svoe-rodnoe.ru/category/vegetables/10872-5026-baklazhany-po-korejski-0-25-l,баклажан,"[""корейски""]",0,0,0,0,0,0,1,1,1,0,0,0,0,10
Лукино,Овощи и фрукты,"баклажаны с чесноком 0,5 л.",60630,https://svoe-rodnoe.ru/category/vegetables/10872-519-baklazhany-s-chesnokom-0-5-l,баклажан,"[""чеснок""]",0,0,0,0,0,0,1,1,1,0,0,0,0,10
Лукино,Овощи и фрукты,белокочанная капуста 1 кг.,60807,https://svoe-rodnoe.ru/category/vegetables/10872-495-belokochannaja-kapusta-1-kg,капуста,"[""белокочанный""]",1,1,1,0,0,0,0,1,1,1,1,1,0,5
Лукино,Овощи и фрукты,"домашнее лечо 0,5 л.",60632,https://svoe-rodnoe.ru/category/vegetables/10872-243-domashnee-lecho-0-5-l,лечо,"[""домашний""]",1,1,1,1,1,1,1,1,1,1,1,1,0,1
Лукино,Овощи и фрукты,домашние красные яблоки 1 кг.,61137,https://svoe-rodnoe.ru/category/fruits/10872-3105-domashnie-krasnye-jabloki-1-kg,яблоко,"[""домашний"", ""красный""]",1,1,1,0,0,0,0,1,1,1,1,1,0,5
Лукино,Овощи и фрукты,"жёлтая репка 0,5 кг.",60788,https://svoe-rodnoe.ru/category/vegetables/10872-4708-zhjoltaja-repka-0-5-kg,репка,"[""жёлтый""]",1,1,0,0,0,0,0,0,1,1,1,1,0,7
Лукино,Овощи и фрукты,"закуска из огурчиков 0,5 л.",60631,https://svoe-rodnoe.ru/category/vegetables/10872-5022-zakuska-iz-ogurchikov-0-5-l,закуска,"[""огурец""]",1,1,1,1,1,1,1,1,1,1,1,1,0,1
Лукино,Овощи и фрукты,"зеленая редька 0,5 кг.",60797,https://svoe-rodnoe.ru/category/vegetables/10872-5035-zelenaja-red-ka-0-5-kg,редька,"[""зелёный""]",1,1,0,0,0,0,0,0,1,1,1,1,0,7
Лукино,Овощи и фрукты,кабачки 1 кг.,60780,https://svoe-rodnoe.ru/category/vegetables/10872-475-kabachki-1-kg,кабачок,[],0,0,0,0,0,0,1,1,1,0,0,0,0,10
Лукино,Овощи и фрукты,красная смородина 1 кг.,60961,https://svoe-rodnoe.ru/category/berries/10872-974-krasnaja-smorodina-1-kg,смородина,"[""красный""]",0,0,0,0,0,0,1,1,0,0,0,0,0,11
Лукино,Овощи и фрукты,"лесная земляника 0,5 л.",60954,https://svoe-rodnoe.ru/category/berries/10872-4869-lesnaja-zemljanika-0-5-l,земляника,"[""лесной""]",0,0,0,0,0,1,1,0,0,0,0,0,0,11
Лукино,Овощи и фрукты,"лесной орех 0,5 кг.",60957,https://svoe-rodnoe.ru/category/berries/10872-5096-lesnoj-oreh-0-5-kg,орех,"[""лесной""]",1,1,1,1,1,1,1,1,1,1,1,1,0,1
Лукино,Овощи и фрукты,"маринованные опята 0,5 л.",60661,https://svoe-rodnoe.ru/category/griby/10872-3811-marinovannye-opjata-0-5-l,опёнок,"[""мариновать""]",1,1,1,1,1,1,1,1,1,1,1,1,0,1
Лукино,Овощи и фрукты,микрозелень горошка 1 шт.,60768,https://svoe-rodnoe.ru/category/zelen/10872-5261-mikrozelen-goroshka-1-sht,микрозелень,"[""горошек""]",1,1,1,1,1,1,1,1,1,1,1,1,1,1
Лукино,Овощи и фрукты,микрозелень редиса 1 шт.,60763,https://svoe-rodnoe.ru/category/zelen/10872-5262-mikrozelen-redisa-1-sht,микрозелень,"[""редис""]",1,1,1,1,1,1,1,1,1,1,1,1,1,1
Лукино,Овощи и фрукты,молодая морковь 1 кг.,60786,https://svoe-rodnoe.ru/category/vegetables/10872-2557-molodaja-morkov-1-kg,морковь,"[""молодой""]",1,1,1,1,0,0,1,1,1,1,1,1,0,3
Лукино,Овощи и фрукты,"молодой лук 0,15 кг.",60767,https://svoe-rodnoe.ru/category/zelen/10872-2508-molodoj-luk-0-15-kg,лук,"[""молодой""]",1,1,1,1,1,1,1,1,1,1,1,1,0,1
Лукино,Овощи и фрукты,молодые огурчики 1 кг.,60771,https://svoe-rodnoe.ru/category/vegetables/10872-458-molodye-ogurchiki-1-kg,огурец,"[""молодой""]",0,0,0,0,0,1,1,1,0,0,0,0,0,10
Лукино,Овощи и фрукты,"петрушка 0,1 кг.",60762,https://svoe-rodnoe.ru/category/zelen/10872-291-petrushka-0-1-kg,петрушка,[],1,1,1,1,1,1,1,1,1,1,1,1,0,1
Лукино,Овощи и фрукты,помидоры розовый гигант 1 кг.,60785,https://svoe-rodnoe.ru/category/vegetables/10872-4868-pomidory-rozovyj-gigant-1-kg,помидор,"[""розовый"", ""гигант""]",0,0,0,0,0,0,1,1,1,0,0,0,0,10
Лукино,Овощи и фрукты,"помидоры черри 0,25 кг.",60784,https://svoe-rodnoe.ru/category/vegetables/10872-4863-pomidory-cherri-0-25-kg,помидор,"[""черри""]",0,0,0,0,0,0,1,1,1,0,0,0,0,10
Лукино,Овощи и фрукты,репчатый лук 1 кг.,60801,https://svoe-rodnoe.ru/category/vegetables/10872-487-repchatyj-luk-1-kg,лук,"[""репчатый""]",1,1,1,1,1,1,1,1,1,1,1,1,0,1
Лукино,Овощи и фрукты,"салат 0,2 кг.",60764,https://svoe-rodnoe.ru/category/zelen/10872-327-salat-0-2-kg,салат,[],1,1,1,1,1,1,1,1,1,1,1,1,0,1
Лукино,Овощи и фрукты,свежая вишня 1 кг.,60956,https://svoe-rodnoe.ru/category/berries/10872-4875-svezhaja-vishnja-1-kg,вишня,"[""свежий""]",0,0,0,0,0,0,1,1,0,0,0,0,0,11
Лукино,Овощи и фрукты,свекла 1 кг.,60793,https://svoe-rodnoe.ru/category/vegetables/10872-485-svekla-1-kg,свекла,[],1,1,1,1,0,0,1,1,1,1,1,1,0,3
Лукино,Овощи и фрукты,"укроп 0,1 кг.",60758,https://svoe-rodnoe.ru/category/zelen/10872-325-ukrop-0-1-kg,укроп,[],1,1,1,1,1,1,1,1,1,1,1,1,0,1
Лукино,Овощи и фрукты,"чеснок 0,5 кг.",60779,https://svoe-rodnoe.ru/category/vegetables/10872-5101-chesnok-0-5-kg,чеснок,[],1,1,1,1,0,0,1,1,1,1,1,1,0,3
Лукино,Овощи и фрукты,яблоки 1 кг.,61138,https://svoe-rodnoe.ru/category/fruits/10872-4899-jabloki-1-kg,яблоко,[],1,1,1,0,0,0,0,1,1,1,1,1,0,5
Лукино,Овощи и фрукты,яблоки переморозъ 1 кг.,61136,https://svoe-rodnoe.ru/category/fruits/10872-4908-jabloki-peremoroz-1-kg,яблоко,"[""переморозъ""]",1,1,1,1,1,1,1,1,1,1,1,1,0,1
Лукино,Рыба и морепродукты,линь 1 кг.,60522,https://svoe-rodnoe.ru/category/fresh-fish/10872-5201-lin-1-kg,линь,[],1,1,1,1,1,1,1,1,1,1,1,1,0,1
Лукино,Рыба и морепродукты,окунь 1 кг.,60521,https://svoe-rodnoe.ru/category/ryba/10872-5241-okun-1-kg,окунь,[],1,1,1,1,1,1,1,1,1,1,1,1,0,1
Лукино,Рыба и морепродукты,толстолобик 2 кг.,60524,https://svoe-rodnoe.ru/category/ryba/10872-5193-tolstolobik-2-kg,толстолобик,[],1,1,1,1,1,1,1,1,1,1,1,1,0,1
Лукино,Бакалея,драники 4 шт.,60966,https://svoe-rodnoe.ru/category/zakuski-salaty-i-supy/10872-202-draniki-4-sht,драник,[],1,1,1,1,1,1,1,1,1,1,1,1,0,1
Лукино,Бакалея,"квашеная капуста 0,5 кг.",61063,https://svoe-rodnoe.ru/category/marinovannaja-i-solenaja/10872-452-kvashenaja-kapusta-0-5-kg,капуста,"[""квашеный""]",1,1,1,1,1,1,1,1,1,1,1,1,0,1
Лукино,Бакалея,"козья тушенка 0,5 л.",60654,https://svoe-rodnoe.ru/category/stew/10872-420-koz-ja-tushenka-0-5-l,тушёнка,"[""козий""]",1,1,1,1,1,1,1,1,1,1,1,1,0,1
Лукино,Бакалея,"майонез постный 0,25 л.",60671,https://svoe-rodnoe.ru/category/butter-sauces/10872-5313-majonez-postnyj-0-25-l,майонез,"[""постный""]",1,1,1,1,1,1,1,1,1,1,1,1,0,1
Лукино,Бакалея,"маринованная капуста 0,5 кг.",61068,https://svoe-rodnoe.ru/category/marinovannaja-i-solenaja/10872-5258-marinovannaja-kapusta-0-5-kg,капуста,"[""мариновать""]",1,1,1,1,1,1,1,1,1,1,1,1,0,1
Лукино,Бакалея,"мякоть индейки в собственном соку 0,5 л.",60653,https://svoe-rodnoe.ru/category/stew/10872-4741-mjakot-indejki-v-sobstvennom-soku-0-5-l,мякоть,"[""индейка"", ""собственный"", ""сок""]",1,1,1,1,1,1,1,1,1,1,1,1,0,1
Лукино,Бакалея,"постные щи 0,65 л.",60885,https://svoe-rodnoe.ru/category/supy-i-bul-ony/10872-5123-postnye-schi-0-65-l,щи,"[""постный""]",1,1,1,1,1,1,1,1,1,1,1,1,0,1
Лукино,Бакалея,"свекольный салат 0,25 л.",60964,https://svoe-rodnoe.ru/category/zakuski-salaty-i-supy/10872-4961-svekol-nyj-salat-0-25-l,салат,"[""свекольный""]",1,1,1,1,1,1,1,1,1,1,1,1,0,1
Лукино,Бакалея,свино-говяжий бульон 1 л.,60886,https://svoe-rodnoe.ru/category/supy-i-bul-ony/10872-3670-svino-govjazhij-bul-on-1-l,свино,"[""говяжий"", ""бульон""]",1,1,1,1,1,1,1,1,1,1,1,1,0,1
Лукино,Бакалея,"томатный соус «жар-птица» 0,25 л.",60667,https://svoe-rodnoe.ru/category/butter-sauces/10872-4912-tomatnyj-sous-zhar-ptica-0-25-l,соус,"[""томатный"", ""жар"", ""птица""]",1,1,1,1,1,1,1,1,1,1,1,1,0,1
Лукино,Заморозка,мясные ежики (п/ф) 4 шт.,60934,https://svoe-rodnoe.ru/category/kotlety/10872-1353-mjasnye-ezhiki-p-f-4-sht,ёжик,"[""мясной"", ""п"", ""ф""]",1,1,1,1,1,1,1,1,1,1,1,1,0,1
Лукино,Заморозка,чебуреки свино-говяжьи 5 шт.,61122,https://svoe-rodnoe.ru/category/polufabrikaty-mjasnye/10872-5155-chebureki-svino-govjazh-i-5-sht,чебурек,"[""свино"", ""говяжий""]",1,1,1,1,1,1,1,1,1,1,1,1,0,1
Лукино,Мясо и птица,"говяжий фарш 0,5 кг.",60749,https://svoe-rodnoe.ru/category/farsh/10872-145-govjazhij-farsh-0-5-kg,фарш,"[""говяжий""]",1,1,1,1,1,1,1,1,1,1,1,1,0,1
Лукино,Мясо и птица,"говяжий шницель 0,1 кг.",61005,https://svoe-rodnoe.ru/category/mjasnye-delikatesy/10872-171-govjazhij-shnicel-0-1-kg,шницель,"[""говяжий""]",1,1,1,1,1,1,1,1,1,1,1,1,0,1
Лукино,Мясо и птица,говяжья бульонка 1 кг.,60616,https://svoe-rodnoe.ru/category/govjadina/10872-5115-govjazh-ja-bul-onka-1-kg,бульонка,"[""говяжий""]",1,1,1,1,1,1,1,1,1,1,1,1,0,1
Лукино,Мясо и птица,"говяжья грудинка 0,5 кг.",60604,https://svoe-rodnoe.ru/category/govjadina/10872-4834-govjazh-ja-grudinka-0-5-kg,грудинка,"[""говяжий""]",1,1,1,1,1,1,1,1,1,1,1,1,0,1
Лукино,Мясо и птица,голень индейки 1 кг.,60918,https://svoe-rodnoe.ru/category/indejka/10872-4596-golen-indejki-1-kg,голень,"[""индейка""]",1,1,1,1,1,1,1,1,1,1,1,1,0,1
Лукино,Мясо и птица,"гранд ветчина 0,25 кг.",60999,https://svoe-rodnoe.ru/category/mjasnye-delikatesy/10872-5301-grand-vetchina-0-25-kg,гранд,"[""ветчина""]",1,1,1,1,1,1,1,1,1,1,1,1,0,1
Лукино,Мясо и птица,"гуляш из курицы 0,5 кг.",60910,https://svoe-rodnoe.ru/category/chicken/10872-5083-guljash-iz-kuricy-0-5-kg,гуляш,"[""курица""]",1,1,1,1,1,1,1,1,1,1,1,1,0,1
Лукино,Мясо и птица,"гуляш из телятины 0,5 кг.",60597,https://svoe-rodnoe.ru/category/govjadina/10872-5036-guljash-iz-teljatiny-0-5-kg,гуляш,"[""телятина""]",1,1,1,1,1,1,1,1,1,1,1,1,0,1
Лукино,Мясо и птица,"домашние копченые куры 1,5 кг.",60908,https://svoe-rodnoe.ru/category/chicken/10872-4663-domashnie-kopchenye-kury-1-5-kg,кура,"[""домашний"", ""копчёный""]",1,1,1,1,1,1,1,1,1,1,1,1,0,1
Лукино,Мясо и птица,"запеченная курица 1,5 кг.",60975,https://svoe-rodnoe.ru/category/mjasnye-delikatesy/10872-185-zapechennaja-kurica-1-5-kg,курица,"[""запечь""]",1,1,1,1,1,1,1,1,1,1,1,1,0,1
Лукино,Мясо и птица,козий жир 3 л.,60986,https://svoe-rodnoe.ru/category/kozljatina/10872-1600-kozij-zhir-3-l,жир,"[""козий""]",1,1,1,1,1,1,1,1,1,1,1,1,0,1
Лукино,Мясо и птица,"корейка кабана 0,5 кг.",61059,https://svoe-rodnoe.ru/category/dich/10872-4291-korejka-kabana-0-5-kg,корейка,"[""кабан""]",1,1,1,1,1,1,1,1,1,1,1,1,0,1
Лукино,Мясо и птица,кролик 2 кг.,60592,https://svoe-rodnoe.ru/category/krolik/10872-117-krolik-2-kg,кролик,[],1,1,1,1,1,1,1,1,1,1,1,1,0,1
Лукино,Мясо и птица,"крученое сало по-лукински 0,2 кг.",60858,https://svoe-rodnoe.ru/category/svinina/10872-358-kruchenoe-salo-po-lukinski-0-2-kg,сало,"[""кручёный"", ""лукинск""]",1,1,1,1,1,1,1,1,1,1,1,1,0,1
Лукино,Мясо и птица,"куриные бедра 0,4 кг.",60902,https://svoe-rodnoe.ru/category/chicken/10872-901-kurinye-bedra-0-4-kg,бедро,"[""куриный""]",1,1,1,1,1,1,1,1,1,1,1,1,0,1
Лукино,Мясо и птица,"лопатка молодого козленка 1,5 кг.",60981,https://svoe-rodnoe.ru/category/kozljatina/10872-1425-lopatka-molodogo-kozlenka-1-5-kg,лопатка,"[""молодой"", ""козлёнок""]",1,1,1,1,1,1,1,1,1,1,1,1,0,1
Лукино,Мясо и птица,"мясо косули 0,5 кг.",61057,https://svoe-rodnoe.ru/category/dich/10872-4721-mjaso-kosuli-0-5-kg,мясо,"[""косуля""]",1,1,1,1,1,1,1,1,1,1,1,1,0,1
Лукино,Мясо и птица,оладьи из печени 4 шт.,61009,https://svoe-rodnoe.ru/category/mjasnye-delikatesy/10872-183-olad-i-iz-pecheni-4-sht,оладья,"[""печень""]",1,1,1,1,1,1,1,1,1,1,1,1,0,1
Лукино,Мясо и птица,"печень кролика 0,5 кг.",60591,https://svoe-rodnoe.ru/category/krolik/10872-5054-pechen-krolika-0-5-kg,печень,"[""кролик""]",1,1,1,1,1,1,1,1,1,1,1,1,0,1
Лукино,Мясо и птица,половина козлёнка 5 кг.,60982,https://svoe-rodnoe.ru/category/kozljatina/10872-2507-polovina-kozljonka-5-kg,половина,"[""козлёнок""]",1,1,1,1,1,1,1,1,1,1,1,1,0,1
Лукино,Мясо и птица,половина ягненка 5 кг.,60837,https://svoe-rodnoe.ru/category/mutton/10872-2397-polovina-jagnenka-5-kg,половина,"[""ягнёнок""]",1,1,1,1,1,1,1,1,1,1,1,1,0,1
Лукино,Мясо и птица,ребрышки ягненка 1 кг.,60836,https://svoe-rodnoe.ru/category/mutton/10872-501-rebryshki-jagnenka-1-kg,рёбрышко,"[""ягнёнок""]",1,1,1,1,1,1,1,1,1,1,1,1,0,1
Лукино,Мясо и птица,свиная грудинка 1 кг.,60883,https://svoe-rodnoe.ru/category/svinina/10872-414-svinaja-grudinka-1-kg,грудинка,"[""свиной""]",1,1,1,1,1,1,1,1,1,1,1,1,0,1
Лукино,Мясо и птица,"свиной фарш 0,5 кг.",60750,https://svoe-rodnoe.ru/category/farsh/10872-144-svinoj-farsh-0-5-kg,фарш,"[""свиной""]",1,1,1,1,1,1,1,1,1,1,1,1,0,1
Лукино,Мясо и птица,"седло барашка 0,5 кг.",60839,https://svoe-rodnoe.ru/category/mutton/10872-4859-sedlo-barashka-0-5-kg,седло,"[""барашек""]",1,1,1,1,1,1,1,1,1,1,1,1,0,1
Лукино,Мясо и птица,"стейк филе-миньон 0,25 кг.",60608,https://svoe-rodnoe.ru/category/govjadina/10872-4850-stejk-file-min-on-0-25-kg,стейк,"[""филе"", ""миньон""]",1,1,1,1,1,1,1,1,1,1,1,1,1,1
Лукино,Мясо и птица,телячья печень 1 кг.,60614,https://svoe-rodnoe.ru/category/govjadina/10872-5289-teljach-ja-pechen-1-kg,печень,"[""телячий""]",1,1,1,1,1,1,1,1,1,1,1,1,0,1
Лукино,Мясо и птица,"топленый бараний жир 0,25 л.",60832,https://svoe-rodnoe.ru/category/mutton/10872-397-toplenyj-baranij-zhir-0-25-l,жир,"[""топлёный"", ""бараний""]",1,1,1,1,1,1,1,1,1,1,1,1,0,1
Лукино,Мясо и птица,"топленый свиной жир 0,25 л.",60859,https://svoe-rodnoe.ru/category/svinina/10872-1599-toplenyj-svinoj-zhir-0-25-l,жир,"[""топлёный"", ""свиной""]",1,1,1,1,1,1,1,1,1,1,1,1,0,1
Лукино,Мясо и птица,"уточка-молодочка 1,2 кг.",61070,https://svoe-rodnoe.ru/category/chicken/10872-4583-utochka-molodochka-1-2-kg,уточка,"[""молодочка""]",0,0,0,0,0,0,0,0,1,1,1,0,0,10
Лукино,Мясо и птица,"фарш из кролика 0,5 кг.",60752,https://svoe-rodnoe.ru/category/farsh/10872-4813-farsh-iz-krolika-0-5-kg,фарш,"[""кролик""]",1,1,1,1,1,1,1,1,1,1,1,1,0,1
Лукино,Мясо и птица,цесарка 1 кг.,61073,https://svoe-rodnoe.ru/category/chicken/10872-5056-cesarka-1-kg,цесарка,[],1,1,1,1,1,1,1,1,1,1,1,1,1,1
Лукино,Овощи и фрукты,"баклажаны в аджике 0,25 л.",60633,https://svoe-rodnoe.ru/category/vegetables/10872-4998-baklazhany-v-adzhike-0-25-l,баклажан,"[""аджика""]",0,0,0,0,0,0,1,1,1,0,0,0,0,10
Лукино,Овощи и фрукты,бронирование картофеля 1 кг.,60796,https://svoe-rodnoe.ru/category/vegetables/10872-1025-bronirovanie-kartofelja-1-kg,бронирование,"[""картофель""]",1,1,1,1,1,1,1,1,1,1,1,1,0,1
Лукино,Овощи и фрукты,"икра кабачковая с томатом 0,5 л.",60637,https://svoe-rodnoe.ru/category/vegetables/10872-2460-ikra-kabachkovaja-s-tomatom-0-5-l,икра,"[""кабачковый"", ""помидор""]",1,1,1,1,1,1,1,1,1,1,1,1,1,1
Лукино,Овощи и фрукты,картофель 1 кг.,60783,https://svoe-rodnoe.ru/category/vegetables/10872-478-kartofel-1-kg,картофель,[],1,1,1,1,0,1,1,1,1,1,1,1,0,2
Лукино,Овощи и фрукты,крыжовник 1 кг.,60959,https://svoe-rodnoe.ru/category/berries/10872-4879-kryzhovnik-1-kg,крыжовник,[],0,0,0,0,0,0,1,1,0,0,0,0,0,11
Лукино,Овощи и фрукты,"лечо с огурчиками 0,5 л.",60640,https://svoe-rodnoe.ru/category/vegetables/10872-4997-lecho-s-ogurchikami-0-5-l,лечо,"[""огурец""]",1,1,1,1,1,1,1,1,1,1,1,1,0,1
Лукино,Овощи и фрукты,"маринованные белые резанные 0,5 л.",60656,https://svoe-rodnoe.ru/category/griby/10872-3813-marinovannye-belye-rezannye-0-5-l,гриб,"[""мариновать"", ""резать""]",1,1,1,1,1,1,1,1,1,1,1,1,0,1
Лукино,Овощи и фрукты,"маринованные грузди 0,5 л.",60662,https://svoe-rodnoe.ru/category/griby/10872-3810-marinovannye-gruzdi-0-5-l,груздь,"[""мариновать""]",1,1,1,1,1,1,1,1,1,1,1,1,0,1
Лукино,Овощи и фрукты,"маринованные маслята 0,5 л.",60663,https://svoe-rodnoe.ru/category/griby/10872-3812-marinovannye-masljata-0-5-l,маслёнок,"[""мариновать""]",1,1,1,1,1,1,1,1,1,1,1,1,0,1
Лукино,Овощи и фрукты,"маринованные рыжики 0,5 л.",60657,https://svoe-rodnoe.ru/category/griby/10872-3809-marinovannye-ryzhiki-0-5-l,рыжик,"[""мариновать""]",1,1,1,1,1,1,1,1,1,1,1,1,0,1
Лукино,Овощи и фрукты,молодой картофель 1 кг.,60798,https://svoe-rodnoe.ru/category/vegetables/10872-2559-molodoj-kartofel-1-kg,картофель,"[""молодой""]",1,1,1,1,0,1,1,1,1,1,1,1,0,2
Лукино,Овощи и фрукты,огурцы крупноплодные 1 кг.,60792,https://svoe-rodnoe.ru/category/vegetables/10872-5015-ogurcy-krupnoplodnye-1-kg,огурец,"[""крупноплодный""]",0,0,0,0,0,1,1,1,0,0,0,0,0,10
Лукино,Овощи и фрукты,"огурчики с морковкой 0,5 л.",60629,https://svoe-rodnoe.ru/category/vegetables/10872-355-ogurchiki-s-morkovkoj-0-5-l,огурец,"[""морковка""]",0,0,0,0,0,1,1,1,0,0,0,0,0,10
Лукино,Овощи и фрукты,острый зеленый перец 1 шт.,60805,https://svoe-rodnoe.ru/category/vegetables/10872-488-ostryj-zelenyj-perec-1-sht,перец,"[""острый"", ""зелёный""]",0,0,0,0,0,0,0,1,1,1,0,0,0,10
Лукино,Овощи и фрукты,"перец с чесноком 0,5 л.",60645,https://svoe-rodnoe.ru/category/vegetables/10872-5255-perec-s-chesnokom-0-5-l,перец,"[""чеснок""]",0,0,0,0,0,0,0,1,1,1,0,0,0,10
Лукино,Овощи и фрукты,"помидоры ашдод 0,5 кг.",60803,https://svoe-rodnoe.ru/category/vegetables/10872-4866-pomidory-ashdod-0-5-kg,помидор,"[""ашдод""]",0,0,0,0,0,0,1,1,1,0,0,0,0,10
Лукино,Овощи и фрукты,"помидоры диоранж 0,5 кг.",60774,https://svoe-rodnoe.ru/category/vegetables/10872-4861-pomidory-dioranzh-0-5-kg,помидор,"[""диоранж""]",0,0,0,0,0,0,1,1,1,0,0,0,0,10
Лукино,Овощи и фрукты,"пюре из кабачка 0,1 л.",60638,https://svoe-rodnoe.ru/category/vegetables/10872-4923-pjure-iz-kabachka-0-1-l,пюре,"[""кабачок""]",1,1,1,1,1,1,1,1,1,1,1,1,0,1
Лукино,Овощи и фрукты,"пюре из свеклы 0,1 л.",60635,https://svoe-rodnoe.ru/category/vegetables/10872-4924-pjure-iz-svekly-0-1-l,пюре,"[""свекла""]",1,1,1,1,1,1,1,1,1,1,1,1,0,1
Лукино,Овощи и фрукты,"пюре из тыквы 0,1 л.",60636,https://svoe-rodnoe.ru/category/vegetables/10872-4922-pjure-iz-tykvy-0-1-l,пюре,"[""тыква""]",1,1,1,1,1,1,1,1,1,1,1,1,0,1
Лукино,Овощи и фрукты,черника 1 кг.,60952,https://svoe-rodnoe.ru/category/berries/10872-1953-chernika-1-kg,черника,[],0,0,0,0,0,0,1,1,0,0,0,0,0,11
Лукино,Овощи и фрукты,"юрча 0,25 л.",60628,https://svoe-rodnoe.ru/category/vegetables/10872-5011-jurcha-0-25-l,юрчать,"[""юрча""]",1,1,1,1,1,1,1,1,1,1,1,1,0,1
Лукино,Овощи и фрукты,яблоки гала 1 кг.,61140,https://svoe-rodnoe.ru/category/fruits/10872-4907-jabloki-gala-1-kg,яблоко,"[""гала""]",1,1,1,0,0,0,0,1,1,1,1,1,0,5
Лукино,Рыба и морепродукты,карп 2 кг.,60527,https://svoe-rodnoe.ru/category/ryba/10872-5194-karp-2-kg,карп,[],1,1,1,1,1,1,1,1,1,1,1,1,0,1
Лукино,Рыба и морепродукты,"сомик 1,5 кг.",60525,https://svoe-rodnoe.ru/category/ryba/10872-5195-somik-1-5-kg,сомик,[],1,1,1,1,1,1,1,1,1,1,1,1,0,1
FoodArt для гурманов,Бакалея,вяленые томаты с розмарином в масле,29689,https://svoe-rodnoe.ru/category/ovoschi-konservirovannye/12369-7vt20250-vjalenye-tomaty-s-rozmarinom-v-masle,помидор,"[""вяленый"", ""розмарин"", ""масло""]",1,1,1,1,1,1,1,1,1,1,1,1,0,1
"Фермерское хозяйство ""Александровская слобода""",Мясо и птица,фарш из баранины,61345,https://svoe-rodnoe.ru/category/farsh-iz-baraniny/13418-0072-farsh-iz-baraniny,фарш,"[""баранина""]",1,1,1,1,1,1,1,1,1,1,1,1,0,1
"Фермерское хозяйство ""Александровская слобода""",Заморозка,куриный шницель,61342,https://svoe-rodnoe.ru/category/kotlety/13418-0069-kurinyj-shnicel,шницель,"[""куриный""]",1,1,1,1,1,1,1,1,1,1,1,1,0,1
"Фермерское хозяйство ""Александровская слобода""",Заморозка,ромштекс из свинины,61341,https://svoe-rodnoe.ru/category/kotlety/13418-0068-romshteks-iz-svininy,ромштекс,"[""свинин""]",1,1,1,1,1,1,1,1,1,1,1,1,0,1
"Фермерское хозяйство ""Александровская слобода""",Мясо и птица,фарш из говядины и свинины,61344,https://svoe-rodnoe.ru/category/farsh-domashnij/13418-0071-farsh-iz-govjadiny-i-svininy,фарш,"[""говядина"", ""свинин""]",1,1,1,1,1,1,1,1,1,1,1,1,0,1
"Фермерское хозяйство ""Александровская слобода""",Мясо и птица,куриный фарш,61343,https://svoe-rodnoe.ru/category/farsh-kurinyj/13418-0070-kurinyj-farsh,фарш,"[""куриный""]",1,1,1,1,1,1,1,1,1,1,1,1,0,1
Молочная ферма Черный лис,Бакалея,пальчетто копченые,38534,https://svoe-rodnoe.ru/category/canned/15034-0018-pal-chetto-kopchenye,пальчетто,"[""пальчетто"", ""копчёный""]",1,1,1,1,1,1,1,1,1,1,1,1,1,1
Мега-Раки,Заморозка,стек тунца,39008,https://svoe-rodnoe.ru/category/svezhemorozhennaja-ryba/15602-0038-stek-tunca,стек,"[""тунец""]",1,1,1,1,1,1,1,1,1,1,1,1,0,1
Мега-Раки,Овощи и фрукты,арахис соленый,39120,https://svoe-rodnoe.ru/category/nuts/15602-0063-arahis-solenyj,арахис,"[""солёный""]",1,1,1,1,1,1,1,1,1,1,1,1,0,1
Мега-Раки,Рыба и морепродукты,гребешок курильский,38983,https://svoe-rodnoe.ru/category/drugie-moreprodukty/15602-0027-grebeshok-kuril-skij,гребешок,"[""курильский""]",1,1,1,1,1,1,1,1,1,1,1,1,1,1
Мега-Раки,Рыба и морепродукты,камчатский краб в собственном соку,38970,https://svoe-rodnoe.ru/category/kraby/15602-0021-kamchatskij-krab-v-sobstvennom-soku,краб,"[""камчатский"", ""собственный"", ""сок""]",1,1,1,1,1,1,1,1,1,1,1,1,1,1
Мега-Раки,Рыба и морепродукты,каракатицы,38986,https://svoe-rodnoe.ru/category/drugie-moreprodukty/15602-0029-karakaticy,каракатица,[],1,1,1,1,1,1,1,1,1,1,1,1,1,1
Мега-Раки,Рыба и морепродукты,корюшка с икрой,39088,https://svoe-rodnoe.ru/category/vjalenaja/15602-0060-korjushka-s-ikroj,корюшка,"[""икра""]",0,0,0,1,0,0,0,0,0,0,0,0,0,12
Мега-Раки,Рыба и морепродукты,лангустины l1 (c головой),38335,https://svoe-rodnoe.ru/category/drugie-moreprodukty/15602-0011-langustiny-l1-c-golovoj,лангустин,"[""l"", ""c"", ""голова""]",1,1,1,1,1,1,1,1,1,1,1,1,1,1
Мега-Раки,Рыба и морепродукты,мидии киви,38989,https://svoe-rodnoe.ru/category/midii/15602-0031-midii-kivi,мидия,"[""киви""]",1,1,1,1,1,1,1,1,1,1,1,1,1,1
Мега-Раки,Рыба и морепродукты,осьминожки мини,38987,https://svoe-rodnoe.ru/category/drugie-moreprodukty/15602-0030-os-minozhki-mini,осьминожка,"[""минь""]",1,1,1,1,1,1,1,1,1,1,1,1,1,1
Мега-Раки,Рыба и морепродукты,пелядь,39081,https://svoe-rodnoe.ru/category/vjalenaja/15602-0059-peljad,пелядь,[],1,1,1,1,1,1,1,1,1,1,1,1,1,1
Мега-Раки,Рыба и морепродукты,раки мелкие (варёные),38325,https://svoe-rodnoe.ru/category/crustaceans/15602-0006-raki-varenye-melkie,рак,"[""мелкий"", ""варёный""]",1,1,1,1,1,1,1,1,1,1,1,1,0,1
Мега-Раки,Рыба и морепродукты,раки отборные (варёные),38331,https://svoe-rodnoe.ru/category/crustaceans/15602-0009-raki-otbornye-varjonye,рак,"[""отборный"", ""варёный""]",1,1,1,1,1,1,1,1,1,1,1,1,0,1
Мега-Раки,Рыба и морепродукты,раки средние (варёные),38327,https://svoe-rodnoe.ru/category/crustaceans/15602-0007-raki-srednie-varjonye,рак,"[""средний"", ""варёный""]",1,1,1,1,1,1,1,1,1,1,1,1,0,1
Мега-Раки,Рыба и морепродукты,сибас,39037,https://svoe-rodnoe.ru/category/ohlazhdennaja-ryba/15602-0046-sibas,сибас,[],1,1,1,1,1,1,1,1,1,1,1,1,1,1
Мега-Раки,Рыба и морепродукты,толстолобик холодного копчения,39114,https://svoe-rodnoe.ru/category/kopchenaja-ryba/15602-0062-tolstolobik-holodnogo-kopchenija,толстолобик,"[""холодное"", ""копчение""]",1,1,1,1,1,1,1,1,1,1,1,1,0,1
Мега-Раки,Бакалея,салат чука,39006,https://svoe-rodnoe.ru/category/zakuski-salaty-i-supy/15602-0037-salat-chuka,салат,"[""чук""]",1,1,1,1,1,1,1,1,1,1,1,1,0,1
Мега-Раки,Заморозка,семга,39031,https://svoe-rodnoe.ru/category/svezhemorozhennaja-ryba/15602-0044-semga,сёмга,[],1,1,1,1,1,1,1,1,1,1,1,1,1,1
Мега-Раки,Заморозка,стейк семги,39012,https://svoe-rodnoe.ru/category/svezhemorozhennaja-ryba/15602-0039-stejk-semgi,стейк,"[""сёмга""]",1,1,1,1,1,1,1,1,1,1,1,1,1,1
Мега-Раки,Заморозка,стейк форели,39013,https://svoe-rodnoe.ru/category/svezhemorozhennaja-ryba/15602-0040-stejk-foreli,стейк,"[""форель""]",1,1,1,1,1,1,1,1,1,1,1,1,1,1
Мега-Раки,Овощи и фрукты,фисташки,39131,https://svoe-rodnoe.ru/category/nuts/15602-0065-fistashki,фисташка,[],1,1,1,1,1,1,1,1,1,1,1,1,0,1
Мега-Раки,Рыба и морепродукты,гребешок приморский,38984,https://svoe-rodnoe.ru/category/drugie-moreprodukty/15602-0028-grebeshok-primorskij,гребешок,"[""приморский""]",1,1,1,1,1,1,1,1,1,1,1,1,1,1
Мега-Раки,Рыба и морепродукты,"икра горбуши, 250гр.",38971,https://svoe-rodnoe.ru/category/krasnaja-ikra/15602-0022-ikra-gorbushi-250gr,икра,"[""горбуша""]",1,1,1,1,1,1,1,1,1,1,1,1,1,1
Мега-Раки,Рыба и морепродукты,"икра горбуши, 500гр.",38973,https://svoe-rodnoe.ru/category/krasnaja-ikra/15602-0023-ikra-gorbushi-500gr,икра,"[""горбуша""]",1,1,1,1,1,1,1,1,1,1,1,1,1,1
Мега-Раки,Рыба и морепродукты,"креветки тигровые очищенные, без голов",38495,https://svoe-rodnoe.ru/category/krevetki/15602-0019-krevetki-tigrovye-ochischennye-bez-golov,креветка,"[""тигровый"", ""очистить"", ""гол""]",1,1,1,1,1,1,1,1,1,1,1,1,0,1
Мега-Раки,Рыба и морепродукты,лангустины l2 (c головой),38339,https://svoe-rodnoe.ru/category/drugie-moreprodukty/15602-0012-langustiny-l2-c-golovoj,лангустин,"[""l"", ""c"", ""голова""]",1,1,1,1,1,1,1,1,1,1,1,1,1,1
Мега-Раки,Рыба и морепродукты,лангустины с1 (без головы),38469,https://svoe-rodnoe.ru/category/drugie-moreprodukty/15602-0013-langustiny-s1-bez-golovy,лангустин,"[""голова""]",1,1,1,1,1,1,1,1,1,1,1,1,1,1
Мега-Раки,Рыба и морепродукты,раки средние (живые),38317,https://svoe-rodnoe.ru/category/crustaceans/15602-0002-raki-srednie-zhivye,рак,"[""средний"", ""живой""]",1,1,1,1,1,1,1,1,1,1,1,1,0,1
Мега-Раки,Рыба и морепродукты,сёмга слабосоленая,39039,https://svoe-rodnoe.ru/category/solenaja-ryba/15602-0047-sjomga-slabosolenaja,сёмга,"[""слабосолёный""]",1,1,1,1,1,1,1,1,1,1,1,1,1,1
Мега-Раки,Рыба и морепродукты,"тигровые креветки не очищенные, без голов",38493,https://svoe-rodnoe.ru/category/krevetki/15602-0018-tigrovye-krevetki-ne-ochischennye-bez-golov,креветка,"[""тигровый"", ""очистить"", ""гол""]",1,1,1,1,1,1,1,1,1,1,1,1,0,1
Мега-Раки,Рыба и морепродукты,форель слабосоленая,39041,https://svoe-rodnoe.ru/category/solenaja-ryba/15602-0048-forel-slabosolenaja,форель,"[""слабосолёный""]",1,1,1,1,1,1,1,1,1,1,1,1,1,1
Азбука правильного питания,Бакалея,бальзамический уксус из модены iberica,41810,https://svoe-rodnoe.ru/category/sousy/15930-8436024293944-bal-zamicheskij-uksus-iz-modeny-iberica,уксус,"[""бальзамический"", ""модена"", ""iberica""]",1,1,1,1,1,1,1,1,1,1,1,1,0,1
Азбука правильного питания,Бакалея,винный уксус iberica,41785,https://svoe-rodnoe.ru/category/sousy/15930-8436024292565-vinnyj-uksus-iberica,уксус,"[""винный"", ""iberica""]",1,1,1,1,1,1,1,1,1,1,1,1,0,1
Азбука правильного питания,Бакалея,"каша кукурузно-кедровая ""алтайплод""",45406,https://svoe-rodnoe.ru/category/granola-mjusli-hlop-ja/15930-4627160684671-kasha-kukuruzno-kedrovaja-altajplod,каша,"[""кукурузный"", ""кедровый"", ""алтайплод""]",1,1,1,1,1,1,1,1,1,1,1,1,0,1
Азбука правильного питания,Бакалея,"льняная каша с амарантом ""масляный король""",45367,https://svoe-rodnoe.ru/category/granola-mjusli-hlop-ja/15930-4607081023575-l-njanaja-kasha-s-amarantom-masljanyj-korol,каша,"[""льняной"", ""амарант"", ""масляный"", ""король""]",1,1,1,1,1,1,1,1,1,1,1,1,0,1
Азбука правильного питания,Бакалея,"льняная каша с кедровой мукой ""мк""",45387,https://svoe-rodnoe.ru/category/granola-mjusli-hlop-ja/15930-4607081023650-l-njanaja-kasha-s-kedrovoj-mukoj-mk,каша,"[""льняной"", ""кедровый"", ""мука"", ""мк""]",1,1,1,1,1,1,1,1,1,1,1,1,0,1
Азбука правильного питания,Бакалея,макароны перья la molisana,45432,https://svoe-rodnoe.ru/category/krupa-i-makarony/15930-8004690470039-makarony-per-ja-la-molisana,макароны,"[""перо"", ""la"", ""molisana""]",1,1,1,1,1,1,1,1,1,1,1,1,0,1
Азбука правильного питания,Бакалея,"соус соевый ""супериор""  prb",42309,https://svoe-rodnoe.ru/category/sousy/15930-6921180820025-sous-soevyj-superior-prb,соус,"[""соевый"", ""супериор"", ""prb""]",1,1,1,1,1,1,1,1,1,1,1,1,0,1
Азбука правильного питания,Бакалея,спагетти с чернилами каракатицы la molisana,45443,https://svoe-rodnoe.ru/category/krupa-i-makarony/15930-8004690341605-spagetti-s-chernilami-karakaticy-la-molisana,спагетти,"[""чернила"", ""каракатица"", ""la"", ""molisana""]",1,1,1,1,1,1,1,1,1,1,1,1,0,1
Азбука правильного питания,Бакалея,уксус винный prb,42534,https://svoe-rodnoe.ru/category/sousy/15930-6921180880791-uksus-vinnyj-prb,уксус,"[""винный"", ""prb""]",1,1,1,1,1,1,1,1,1,1,1,1,0,1
Азбука правильного питания,Бакалея,бальзамический соус-крем из модены iberica,41828,https://svoe-rodnoe.ru/category/sousy/15930-8436024295474-bal-zamicheskij-sous-krem-iz-modeny-iberica,соус,"[""бальзамический"", ""крем"", ""модена"", ""iberica""]",1,1,1,1,1,1,1,1,1,1,1,1,0,1
Азбука правильного питания,Бакалея,кедрокофе тропический,39563,https://svoe-rodnoe.ru/category/kofe-i-kakao/15930-2-kedrokofe-tropicheskij,кедрокофе,"[""тропический""]",1,1,1,1,1,1,1,1,1,1,1,1,1,1
Азбука правильного питания,Бакалея,"льняная каша ""масляный король""",45374,https://svoe-rodnoe.ru/category/granola-mjusli-hlop-ja/15930-4607081023674-l-njanaja-kasha-masljanyj-korol,каша,"[""льняной"", ""масляный"", ""король""]",1,1,1,1,1,1,1,1,1,1,1,1,0,1
Азбука правильного питания,Бакалея,"льняная каша с зародышами пшеницы ""мк""",45371,https://svoe-rodnoe.ru/category/granola-mjusli-hlop-ja/15930-4607081023551-l-njanaja-kasha-s-zarodyshami-pshenicy-mk,каша,"[""льняной"", ""зародыш"", ""пшеница"", ""мк""]",1,1,1,1,1,1,1,1,1,1,1,1,0,1
Азбука правильного питания,Бакалея,"льняная каша яблоко-корица ""лакомства для здоровья""",45423,https://svoe-rodnoe.ru/category/granola-mjusli-hlop-ja/15930-4670018995931-l-njanaja-kasha-jabloko-korica-lakomstva-dlja-zdorov-ja,каша,"[""льняной"", ""яблоко"", ""корица"", ""лакомство"", ""здоровье""]",1,1,1,1,1,1,1,1,1,1,1,1,0,1
Азбука правильного питания,Бакалея,спагетти la molisana,45444,https://svoe-rodnoe.ru/category/krupa-i-makarony/15930-8004690611500-spagetti-la-molisana,спагетти,"[""la"", ""molisana""]",1,1,1,1,1,1,1,1,1,1,1,1,0,1
Азбука правильного питания,Бакалея,уксус красный prb,42530,https://svoe-rodnoe.ru/category/sousy/15930-6921180880326-uksus-krasnyj-prb,уксус,"[""красный"", ""prb""]",1,1,1,1,1,1,1,1,1,1,1,1,0,1
Азбука правильного питания,Бакалея,устричный соус высшей категории prb,42312,https://svoe-rodnoe.ru/category/sousy/15930-6947593013656-ustrichnyj-sous-vysshej-kategorii-prb,соус,"[""устричный"", ""высокий"", ""категория"", ""prb""]",1,1,1,1,1,1,1,1,1,1,1,1,0,1
Азбука правильного питания,Бакалея,яблочный уксус iberica,41801,https://svoe-rodnoe.ru/category/sousy/15930-8436024292589-jablochnyj-uksus-iberica,уксус,"[""яблочный"", ""iberica""]",1,1,1,1,1,1,1,1,1,1,1,1,0,1
Мега-Раки,Заморозка,стейк лосося,39020,https://svoe-rodnoe.ru/category/svezhemorozhennaja-ryba/15602-0042-stejk-lososja,стейк,"[""лосось""]",1,1,1,1,1,1,1,1,1,1,1,1,1,1
Мега-Раки,Рыба и морепродукты,вобла крупная с икрой,39079,https://svoe-rodnoe.ru/category/vjalenaja/15602-0057-vobla-krupnaja-s-ikroj,вобла,"[""крупный"", ""икра""]",1,1,1,1,1,1,1,1,1,1,1,1,0,1
Мега-Раки,Рыба и морепродукты,вобла средняя с икрой,39080,https://svoe-rodnoe.ru/category/vjalenaja/15602-0058-vobla-srednjaja-s-ikroj,вобла,"[""средний"", ""икра""]",1,1,1,1,1,1,1,1,1,1,1,1,0,1
Мега-Раки,Рыба и морепродукты,дорадо,39033,https://svoe-rodnoe.ru/category/ohlazhdennaja-ryba/15602-0045-dorado,дорад,"[""дорад""]",1,1,1,1,1,1,1,1,1,1,1,1,0,1
Мега-Раки,Рыба и морепродукты,"икра кеты, 250гр.",38974,https://svoe-rodnoe.ru/category/krasnaja-ikra/15602-0024-ikra-kety-250gr,икра,"[""кета""]",1,1,1,1,1,1,1,1,1,1,1,1,1,1
Мега-Раки,Рыба и морепродукты,кальмар очищенный,38993,https://svoe-rodnoe.ru/category/drugie-moreprodukty/15602-0033-kal-mar-ochischennyj,кальмар,"[""очистить""]",1,1,1,1,1,1,1,1,1,1,1,1,0,1
Мега-Раки,Рыба и морепродукты,креветки северные 70/90 (магаданские),38490,https://svoe-rodnoe.ru/category/krevetki/15602-0016-krevetki-severnye-70-90-magadanskie,креветка,"[""северный"", ""магаданский""]",1,1,1,1,1,1,1,1,1,1,1,1,0,1
Мега-Раки,Рыба и морепродукты,креветки северные 90/120 (polar),38470,https://svoe-rodnoe.ru/category/krevetki/15602-0014-krevetki-severnye-90-120-polar,креветка,"[""северный"", ""polar""]",1,1,1,1,1,1,1,1,1,1,1,1,0,1
Мега-Раки,Рыба и морепродукты,мясо мидии,38991,https://svoe-rodnoe.ru/category/midii/15602-0032-mjaso-midii,мясо,"[""мидия""]",1,1,1,1,1,1,1,1,1,1,1,1,0,1
Мега-Раки,Рыба и морепродукты,печень трески,38977,https://svoe-rodnoe.ru/category/drugie-moreprodukty/15602-0026-pechen-treski,печень,"[""треск""]",1,1,1,1,1,1,1,1,1,1,1,1,0,1
Мега-Раки,Рыба и морепродукты,раки крупные (живые),38318,https://svoe-rodnoe.ru/category/crustaceans/15602-0003-raki-krupnye-zhivye,рак,"[""крупный"", ""живой""]",1,1,1,1,1,1,1,1,1,1,1,1,0,1
Мега-Раки,Рыба и морепродукты,раки отборные (живые),38320,https://svoe-rodnoe.ru/category/crustaceans/15602-0004-raki-otbornye-zhivye,рак,"[""отборный"", ""живой""]",1,1,1,1,1,1,1,1,1,1,1,1,0,1
Мега-Раки,Рыба и морепродукты,раки элитные (варёные),38332,https://svoe-rodnoe.ru/category/crustaceans/15602-0010-raki-jelitnye-varjonye,рак,"[""элитный"", ""варёный""]",1,1,1,1,1,1,1,1,1,1,1,1,0,1
Мега-Раки,Рыба и морепродукты,раки элитные (живые),38324,https://svoe-rodnoe.ru/category/crustaceans/15602-0005-raki-jelitnye-zhivye,рак,"[""элитный"", ""живой""]",1,1,1,1,1,1,1,1,1,1,1,1,0,1
Мега-Раки,Рыба и морепродукты,фарш лососевый,39000,https://svoe-rodnoe.ru/category/fish-kits/15602-0035-farsh-lososevyj,фарш,"[""лососёвый""]",1,1,1,1,1,1,1,1,1,1,1,1,0,1
Дары Привопья,Мясо и птица,ребро свиное ивр,47617,https://svoe-rodnoe.ru/category/svinye-rebra/16328-010-rebro-svinoe-ivr,ребро,"[""свиной"", ""ивр""]",1,1,1,1,1,1,1,1,1,1,1,1,0,1
Дары Привопья,Мясо и птица,ребро свиное на кости,47615,https://svoe-rodnoe.ru/category/svinye-rebra/16328-009-rebro-svinoe-na-kosti,ребро,"[""свиной"", ""кость""]",1,1,1,1,1,1,1,1,1,1,1,1,0,1
Дары Привопья,Мясо и птица,фарш свиной,47613,https://svoe-rodnoe.ru/category/farsh-svinoj/16328-007-farsh-svinoj,фарш,"[""свиной""]",1,1,1,1,1,1,1,1,1,1,1,1,0,1
Азбука правильного питания,Бакалея,вермишель la molisana,45425,https://svoe-rodnoe.ru/category/krupa-i-makarony/15930-8004690055816-vermishel-la-molisana,вермишель,"[""la"", ""molisana""]",1,1,1,1,1,1,1,1,1,1,1,1,0,1
Азбука правильного питания,Бакалея,"каша льняная с яблоком и корицей ""oleos""",45402,https://svoe-rodnoe.ru/category/granola-mjusli-hlop-ja/15930-4627129213546-kasha-l-njanaja-s-jablokom-i-koricej-oleos,каша,"[""льняной"", ""яблоко"", ""корица"", ""oleos""]",1,1,1,1,1,1,1,1,1,1,1,1,0,1
Азбука правильного питания,Бакалея,"каша овсяно-кедровая ""алтайплод""",45407,https://svoe-rodnoe.ru/category/granola-mjusli-hlop-ja/15930-4627160684466-kasha-ovsjano-kedrovaja-altajplod,каша,"[""овсяный"", ""кедровый"", ""алтайплод""]",1,1,1,1,1,1,1,1,1,1,1,1,0,1
Азбука правильного питания,Бакалея,"льняная каша кэроб-кунжут ""лакомства для здоровья""",45422,https://svoe-rodnoe.ru/category/granola-mjusli-hlop-ja/15930-4670018995900-l-njanaja-kasha-kjerob-kunzhut-lakomstva-dlja-zdorov-ja,каша,"[""льняной"", ""кэроба"", ""кунжут"", ""лакомство"", ""здоровье""]",1,1,1,1,1,1,1,1,1,1,1,1,0,1
Азбука правильного питания,Бакалея,макароны лазанья la molisana,45429,https://svoe-rodnoe.ru/category/krupa-i-makarony/15930-8004690158814-makarony-lazan-ja-la-molisana,макароны,"[""лазание"", ""la"", ""molisana""]",1,1,1,1,1,1,1,1,1,1,1,1,0,1
Азбука правильного питания,Бакалея,уксус винный бальзамический monini,42173,https://svoe-rodnoe.ru/category/sousy/15930-8005510004021-uksus-vinnyj-bal-zamicheskij-monini,уксус,"[""винный"", ""бальзамический"", ""monini""]",1,1,1,1,1,1,1,1,1,1,1,1,0,1
Дары Привопья,Мясо и птица,плечелопаточный отруб свиной,47625,https://svoe-rodnoe.ru/category/lopatka-svinaja/16328-014-plechelopatochnyj-otrub-svinoj-b-k-zam,отруб,"[""плечелопаточный"", ""свиной""]",1,1,1,1,1,1,1,1,1,1,1,1,0,1
Дары Привопья,Мясо и птица,хрящи свиные,47614,https://svoe-rodnoe.ru/category/subprodukty/16328-008-hrjaschi-svinye,хрящ,"[""свиной""]",1,1,1,1,1,1,1,1,1,1,1,1,0,1
Аривера ,Бакалея,овес для запаривания органический 400г,147943,https://svoe-rodnoe.ru/category/krupy/17283-00030-oves-dlja-zaparivanija,овёс,"[""запаривание"", ""органический""]",1,1,1,1,1,1,1,1,1,1,1,1,0,1
Аривера ,Бакалея,овсяные хлопья «геркулес» быстроразв.органик,45722,https://svoe-rodnoe.ru/category/krupa-i-makarony/17283-02-ovsjanye-hlop-ja-gerkules-bystrorazvarivaemye,хлопья,"[""овсяный"", ""геркулес"", ""быстроразва"", ""органик""]",1,1,1,1,1,1,1,1,1,1,1,1,0,1
Аривера ,Бакалея,"перловка органик аривера, 500г",45723,https://svoe-rodnoe.ru/category/organicheskaja-bakaleja/17283-03-krupa-perlovaja,перловка,"[""органик"", ""аривер""]",1,1,1,1,1,1,1,1,1,1,1,1,0,1
Аривера ,Бакалея,пшено шлифованное органическое,147937,https://svoe-rodnoe.ru/category/krupy/17283-0027-psheno-shlifovannoe,пшено,"[""шлифовать"", ""органический""]",1,1,1,1,1,1,1,1,1,1,1,1,0,1
Мега-Раки,Заморозка,стейк трески,39017,https://svoe-rodnoe.ru/category/svezhemorozhennaja-ryba/15602-0041-stejk-treski,стейк,"[""треск""]",1,1,1,1,1,1,1,1,1,1,1,1,1,1
Мега-Раки,Заморозка,филе минтая,38995,https://svoe-rodnoe.ru/category/svezhemorozhennaja-ryba/15602-0034-file-mintaja,филе,"[""минтай""]",1,1,1,1,1,1,1,1,1,1,1,1,0,1
Мега-Раки,Овощи и фрукты,арахис  в глазури,39126,https://svoe-rodnoe.ru/category/nuts/15602-0064-arahis-v-glazuri,арахис,"[""глазурь""]",1,1,1,1,1,1,1,1,1,1,1,1,0,1
Аривера ,Бакалея,"семена бурого льна органик аривера, 200г",45735,https://svoe-rodnoe.ru/category/superfudy-i-semena/17283-08-semena-l-na,семя,"[""бурый"", ""лён"", ""органик"", ""аривер""]",1,1,1,1,1,1,1,1,1,1,1,1,0,1
Аривера ,Бакалея,"семена золотистого льна органик аривера, 200г",83484,https://svoe-rodnoe.ru/category/superfudy-i-semena/17283-0014-semena-belogo-l-na-zolotogo,семя,"[""золотистый"", ""лён"", ""органик"", ""аривер""]",1,1,1,1,1,1,1,1,1,1,1,1,0,1
Мега-Раки,Рыба и морепродукты,гребенчатый ботан,38491,https://svoe-rodnoe.ru/category/krevetki/15602-0017-grebenchatyj-botan,ботан,"[""гребенчатый""]",1,1,1,1,1,1,1,1,1,1,1,1,1,1
Мега-Раки,Рыба и морепродукты,"икра кеты, 500гр.",38975,https://svoe-rodnoe.ru/category/krasnaja-ikra/15602-0025-ikra-kety-500gr,икра,"[""кета""]",1,1,1,1,1,1,1,1,1,1,1,1,1,1
Мега-Раки,Рыба и морепродукты,краб волосатик,38496,https://svoe-rodnoe.ru/category/kraby/15602-0020-krab-volosatik,краб,"[""волосатик""]",1,1,1,1,1,1,1,1,1,1,1,1,1,1
Мега-Раки,Рыба и морепродукты,креветки северные 80/100 (polar),38471,https://svoe-rodnoe.ru/category/krevetki/15602-0015-krevetki-severnye-80-100-polar,креветка,"[""северный"", ""polar""]",1,1,1,1,1,1,1,1,1,1,1,1,0,1
Мега-Раки,Рыба и морепродукты,раки крупные (варёные),38329,https://svoe-rodnoe.ru/category/crustaceans/15602-0008-raki-krupnye-varjonye,рак,"[""крупный"", ""варёный""]",1,1,1,1,1,1,1,1,1,1,1,1,0,1
Мега-Раки,Рыба и морепродукты,раки мелкие (живые),38314,https://svoe-rodnoe.ru/category/crustaceans/15602-0001-raki-melkie-zhivye,рак,"[""мелкий"", ""живой""]",1,1,1,1,1,1,1,1,1,1,1,1,0,1
Аривера ,Бакалея,чечевица красная органическая,147934,https://svoe-rodnoe.ru/category/beans/17283-0024-chechevica-krasnaja,чечевица,"[""красный"", ""органический""]",1,1,1,1,1,1,1,1,1,1,1,1,0,1
Мега-Раки,Рыба и морепродукты,сом филе холодного копчения,39106,https://svoe-rodnoe.ru/category/kopchenaja-ryba/15602-0061-som-file-holodnogo-kopchenija,сом,"[""филе"", ""холодное"", ""копчение""]",1,1,1,1,1,1,1,1,1,1,1,1,0,1
Мега-Раки,Рыба и морепродукты,улитки в соусе,39003,https://svoe-rodnoe.ru/category/drugie-moreprodukty/15602-0036-ulitki-v-souse,улитка,"[""соус""]",1,1,1,1,1,1,1,1,1,1,1,1,1,1
Мега-Раки,Рыба и морепродукты,форель,39028,https://svoe-rodnoe.ru/category/ohlazhdennaja-ryba/15602-0043-forel,форель,[],1,1,1,1,1,1,1,1,1,1,1,1,1,1
Аривера ,Бакалея,"макароны farfalle bio alce nero италия, 500г",45730,https://svoe-rodnoe.ru/category/makarony/17283-007-makarony-farfalle-iz-tverdyh-sortov-pshenicy,макароны,"[""farfalle"", ""bio"", ""alce"", ""nero"", ""италия""]",1,1,1,1,1,1,1,1,1,1,1,1,0,1
Азбука правильного питания,Бакалея,"каша пшенично - конопляная ""алтайплод""",45404,https://svoe-rodnoe.ru/category/granola-mjusli-hlop-ja/15930-4627160684480-kasha-pshenichno-konopljanaja-altajplod,каша,"[""пшеничный"", ""конопляный"", ""алтайплод""]",1,1,1,1,1,1,1,1,1,1,1,1,0,1
Азбука правильного питания,Бакалея,"льняная каша изюм - кунжут ""лакомства для здоровья""",45421,https://svoe-rodnoe.ru/category/granola-mjusli-hlop-ja/15930-4670018995917-l-njanaja-kasha-izjum-kunzhut-lakomstva-dlja-zdorov-ja,каша,"[""льняной"", ""изюм"", ""кунжут"", ""лакомство"", ""здоровье""]",1,1,1,1,1,1,1,1,1,1,1,1,0,1
Азбука правильного питания,Бакалея,"льняная каша с клюквой ""oleos""",45398,https://svoe-rodnoe.ru/category/granola-mjusli-hlop-ja/15930-4627129213560-l-njanaja-kasha-s-kljukvoj-oleos,каша,"[""льняной"", ""клюква"", ""oleos""]",1,1,1,1,1,1,1,1,1,1,1,1,0,1
Азбука правильного питания,Бакалея,"льняная каша с кунжутом ""масляный король""",45385,https://svoe-rodnoe.ru/category/granola-mjusli-hlop-ja/15930-4607081023537-l-njanaja-kasha-s-kunzhutom-masljanyj-korol,каша,"[""льняной"", ""кунжут"", ""масляный"", ""король""]",1,1,1,1,1,1,1,1,1,1,1,1,0,1
Азбука правильного питания,Бакалея,"льняная каша с расторопшей ""масляный король""",45378,https://svoe-rodnoe.ru/category/granola-mjusli-hlop-ja/15930-4607081023599-l-njanaja-kasha-s-rastoropshej-masljanyj-korol,каша,"[""льняной"", ""расторопша"", ""масляный"", ""король""]",1,1,1,1,1,1,1,1,1,1,1,1,0,1
Азбука правильного питания,Бакалея,макароны бантики la molisana,45426,https://svoe-rodnoe.ru/category/krupa-i-makarony/15930-8004690106600-makarony-bantiki-la-molisana,макароны,"[""бантик"", ""la"", ""molisana""]",1,1,1,1,1,1,1,1,1,1,1,1,0,1
Азбука правильного питания,Бакалея,макароны каннелони,45433,https://svoe-rodnoe.ru/category/krupa-i-makarony/15930-8004690343128-makarony-kanneloni,макароны,"[""каннелонь""]",1,1,1,1,1,1,1,1,1,1,1,1,0,1
Аривера ,Бакалея,"горох шлифованный органический целый, 400г",162514,https://svoe-rodnoe.ru/category/beans/17283-a77-goroh-shlifovannyj-celyj-400g,горох,"[""шлифовать"", ""органический"", ""целый""]",1,1,1,1,1,1,1,1,1,1,1,1,0,1
Азбука правильного питания,Бакалея,макароны фетучини №5 la molisana,45442,https://svoe-rodnoe.ru/category/krupa-i-makarony/15930-8004690050507-makarony-fetuchini-5-la-molisana,макароны,"[""фетучинить"", ""la"", ""molisana""]",1,1,1,1,1,1,1,1,1,1,1,1,0,1
Фермерское хозяйство Буркова Алексея,Мясо и птица,лопатка говяжья,2331,https://svoe-rodnoe.ru/category/govjadina/178-0024-lopatka-govjazh-ja,лопатка,"[""говяжий""]",1,1,1,1,1,1,1,1,1,1,1,1,0,1
Фермерское хозяйство Буркова Алексея,Мясо и птица,рёбра говяжьи,2326,https://svoe-rodnoe.ru/category/govjadina/178-0021-rjobra-govjazh-i,ребро,"[""говяжий""]",1,1,1,1,1,1,1,1,1,1,1,1,0,1
Аривера ,Бакалея,"полба цельнозерновая органик аривера, 400г",83485,https://svoe-rodnoe.ru/category/krupy/17283-0015-polba-cel-nozernovaja,полба,"[""цельнозерновый"", ""органик"", ""аривер""]",1,1,1,1,1,1,1,1,1,1,1,1,0,1
Аривера ,Бакалея,"пшеница для проращивания органик аривера, 400г",45725,https://svoe-rodnoe.ru/category/krupy/17283-05-pshenica-otbornaja-dlja-proraschivanija,пшеница,"[""проращивание"", ""органик"", ""аривер""]",1,1,1,1,1,1,1,1,1,1,1,1,0,1
Фермерское хозяйство Буркова Алексея,Мясо и птица,утка,2329,https://svoe-rodnoe.ru/category/utka/178-0023-utka,утка,[],0,0,0,0,0,0,0,0,1,1,1,0,0,10
Аривера ,Бакалея,чечевица тарелочная зеленая органическая,147933,https://svoe-rodnoe.ru/category/beans/17283-0023-chechevica-tarelochnaja-zelenaja,чечевица,"[""тарелочный"", ""зелёный"", ""органический""]",1,1,1,1,1,1,1,1,1,1,1,1,0,1
Дары Привопья,Мясо и птица,поджарка свиная,47610,https://svoe-rodnoe.ru/category/svinina/16328-004-podzharka-svinaja,поджарка,"[""свиной""]",1,1,1,1,1,1,1,1,1,1,1,1,0,1
Дары Привопья,Мясо и птица,рагу свиное фасованное,47608,https://svoe-rodnoe.ru/category/svinina/16328-002-ragu-svinoe-fasovannoe,рагу,"[""свиной"", ""фасовать""]",1,1,1,1,1,1,1,1,1,1,1,1,0,1
Дары Привопья,Мясо и птица,тех.зачистка свиная,47612,https://svoe-rodnoe.ru/category/svinina/16328-006-teh-zachistka-svinaja,зачистка,"[""тот"", ""свиной""]",1,1,1,1,1,1,1,1,1,1,1,1,0,1
Дары Привопья,Мясо и птица,шея свиная гост,47619,https://svoe-rodnoe.ru/category/svinaja-shejka/16328-013-sheja-svinaja-gost,шея,"[""свиной"", ""гост""]",1,1,1,1,1,1,1,1,1,1,1,1,0,1
Фермерское хозяйство Буркова Алексея,Мясо и птица,антрекот говяжий,2324,https://svoe-rodnoe.ru/category/govjadina/178-0019-antrekot-govjazhij,антрекот,"[""говяжий""]",1,1,1,1,1,1,1,1,1,1,1,1,0,1
Фермерское хозяйство Буркова Алексея,Мясо и птица,вырезка говяжья,2325,https://svoe-rodnoe.ru/category/govjazh-ja-vyrezka/178-0020-vyrezka-govjazh-ja,вырезка,"[""говяжий""]",1,1,1,1,1,1,1,1,1,1,1,1,0,1
Фермерское хозяйство Буркова Алексея,Мясо и птица,курица,2328,https://svoe-rodnoe.ru/category/chicken/178-0022-kurica,курица,[],1,1,1,1,1,1,1,1,1,1,1,1,0,1
«Борька и Зорька»,Бакалея,хумус с кедровыми орехами,165768,https://svoe-rodnoe.ru/category/zakuski-salaty-i-supy/18294-0075-humus-s-kedrovymi-orehami,хумуса,"[""кедровый"", ""орех""]",1,1,1,1,1,1,1,1,1,1,1,1,0,1
«Борька и Зорька»,Заморозка,зразы с куриным жульеном,165907,https://svoe-rodnoe.ru/category/kotlety/18294-0094-zrazy-s-kurinym-zhul-enom,зраза,"[""куриный"", ""жульен""]",1,1,1,1,1,1,1,1,1,1,1,1,0,1
«Борька и Зорька»,Мясо и птица,домашний гусь линда,121510,https://svoe-rodnoe.ru/category/goose-n-duck/18294-21-domashnij-gus-linda,гусь,"[""домашний"", ""линда""]",0,0,0,0,0,0,0,0,0,0,1,0,0,12
«Борька и Зорька»,Мясо и птица,шашлык из парного мяса свинины 1 кг,121512,https://svoe-rodnoe.ru/category/shashlyk-iz-svininy/18294-23-shashlyk-iz-parnogo-mjasa-svininy-1-kg,шашлык,"[""парный"", ""мясо"", ""свинин""]",1,1,1,1,1,1,1,1,1,1,1,1,0,1
Ароматы тайги,Бакалея,гинкго билоба (сушеная),60217,https://svoe-rodnoe.ru/category/travy-i-koren-ja/183-0000027-ginkgo-biloba-sushenaja,гинкго,"[""билобый"", ""сушёный""]",1,1,1,1,1,1,1,1,1,1,1,1,1,1
Ароматы тайги,Заморозка,земляника таежная,142555,https://svoe-rodnoe.ru/category/jagody/183-0081-zemljanika-taezhnaja,земляника,"[""таёжный""]",0,0,0,0,0,1,1,0,0,0,0,0,0,11
Ароматы тайги,Овощи и фрукты,"белые грибы соленые ""экстра"" 500г",84183,https://svoe-rodnoe.ru/category/griby/183-0111-14-belye-griby-solenye-jekstra,гриб,"[""солёный"", ""экстра""]",0,0,0,0,0,0,0,1,1,1,0,0,0,10
Ароматы тайги,Овощи и фрукты,белые грузди (бочковые) 500мл,318,https://svoe-rodnoe.ru/category/griby/183-10-belye-gruzdi-solenye-bochkovye,гриб,"[""груздь"", ""бочковый""]",0,0,0,0,0,0,0,1,1,1,0,0,0,10
Ароматы тайги,Овощи и фрукты,брусника (вяленая) 150г,177172,https://svoe-rodnoe.ru/category/sushennye-i-vjalennye-jagody/183-183-184-15200004-brusnika-vjalenaja-150g,брусника,"[""вяленый""]",1,1,1,1,1,1,1,1,1,1,1,1,0,1
Ароматы тайги,Овощи и фрукты,брусника сушеная,74786,https://svoe-rodnoe.ru/category/sushennye-i-vjalennye-jagody/183-183-000023-brusnika-sushenaja,брусника,"[""сушёный""]",1,1,1,0,0,0,0,0,1,1,1,1,0,6
Ароматы тайги,Овощи и фрукты,вишня (вяленая) 500г,180261,https://svoe-rodnoe.ru/category/sushennye-i-vjalennye-jagody/183-183-184-4-vishnja-vjalenaja-500g,вишня,"[""вяленый""]",1,1,1,1,1,1,1,1,1,1,1,1,0,1
Ароматы тайги,Овощи и фрукты,голубика (вяленая) 280г,179867,https://svoe-rodnoe.ru/category/sushennye-i-vjalennye-jagody/183-183-184-00021-golubika-vjalenaja-280g,голубика,"[""вяленый""]",1,1,1,1,1,1,1,1,1,1,1,1,0,1
Ароматы тайги,Овощи и фрукты,земляника лесная (вяленая) 500г,180282,https://svoe-rodnoe.ru/category/sushennye-i-vjalennye-jagody/183-183-184-7-zemljanika-lesnaja-vjalenaja-500g,земляника,"[""лесной"", ""вяленый""]",1,1,1,1,1,1,1,1,1,1,1,1,0,1
Ароматы тайги,Овощи и фрукты,кедровый орех (ядро) 100г,60172,https://svoe-rodnoe.ru/category/nuts/183-0000018-kedrovyj-oreh-jadro-100g,орех,"[""кедровый"", ""ядро""]",1,1,1,1,1,1,1,1,1,1,1,1,0,1
Ароматы тайги,Овощи и фрукты,клюква (вяленая) 240г,179811,https://svoe-rodnoe.ru/category/sushennye-i-vjalennye-jagody/183-183-183-184-00018-kljukva-vjalenaja-240g,клюква,"[""вяленый""]",1,1,1,1,1,1,1,1,1,1,1,1,0,1
Ароматы тайги,Овощи и фрукты,клюква (вяленая) 380г,180254,https://svoe-rodnoe.ru/category/sushennye-i-vjalennye-jagody/183-183-184-1-kljukva-vjalenaja-380g,клюква,"[""вяленый""]",1,1,1,1,1,1,1,1,1,1,1,1,0,1
Ароматы тайги,Овощи и фрукты,малина (вяленая) 150г,177283,https://svoe-rodnoe.ru/category/sushennye-i-vjalennye-jagody/183-183-184-000004-malina-vjalenaja-150g,малина,"[""вяленый""]",1,1,1,1,1,1,1,1,1,1,1,1,0,1
Ароматы тайги,Овощи и фрукты,малина сушеная,74787,https://svoe-rodnoe.ru/category/sushennye-i-vjalennye-jagody/183-183-00054-malina-sushenaja,малина,"[""сушёный""]",0,0,0,0,0,0,1,1,0,0,0,0,0,11
Ароматы тайги,Овощи и фрукты,облепиха (вяленая),328,https://svoe-rodnoe.ru/category/berries/183-14-oblepiha-vjalenaja,облепиха,"[""вяленый""]",1,1,1,1,1,1,1,1,1,1,1,1,0,1
ProBulion,Бакалея,костный бульон говяжий probulion,48503,https://svoe-rodnoe.ru/category/supy-i-bul-ony/18018-beef-kostnyj-govjazhij-bul-on-probulion,бульон,"[""костный"", ""говяжий"", ""probulion""]",1,1,1,1,1,1,1,1,1,1,1,1,0,1
Ароматы тайги,Овощи и фрукты,сморчки конические сушеные 90г,169897,https://svoe-rodnoe.ru/category/griby/183-00000000099-smorchki-konicheskie-sushenye-90g,сморчок,"[""конический"", ""сушёный""]",0,0,0,1,1,0,0,0,0,0,0,0,1,11
Аривера ,Бакалея,"горох шлифованный органический колотый, 400г",162516,https://svoe-rodnoe.ru/category/beans/17283-a78-goroh-shlifovannyj-kolotyj-400g,горох,"[""шлифовать"", ""органический"", ""колотый""]",1,1,1,1,1,1,1,1,1,1,1,1,0,1
ProBulion,Бакалея,костный бульон из утки probulion,48510,https://svoe-rodnoe.ru/category/supy-i-bul-ony/18018-duck-kostnyj-bul-on-iz-utki-probulion,бульон,"[""костный"", ""утка"", ""probulion""]",1,1,1,1,1,1,1,1,1,1,1,1,0,1
Аривера ,Бакалея,"рожь для проращивания органик аривера, 400г",83487,https://svoe-rodnoe.ru/category/krupy/17283-0016-rozh-dlja-proraschivanija,рожь,"[""проращивание"", ""органик"", ""аривер""]",1,1,1,1,1,1,1,1,1,1,1,1,0,1
ProBulion,Бакалея,костный бульон куриный probulion,48506,https://svoe-rodnoe.ru/category/supy-i-bul-ony/18018-chicken-kostnyj-bul-on-kurinyj-probulion,бульон,"[""костный"", ""куриный"", ""probulion""]",1,1,1,1,1,1,1,1,1,1,1,1,0,1
ProBulion,Бакалея,костный бульон охотничий probulion,48508,https://svoe-rodnoe.ru/category/supy-i-bul-ony/18018-hunting-kostnyj-bul-on-ohotnichij-probulion,бульон,"[""костный"", ""охотничий"", ""probulion""]",1,1,1,1,1,1,1,1,1,1,1,1,0,1
Ферма Моей Мамы,Бакалея,тушенка из курицы,84768,https://svoe-rodnoe.ru/category/stew/18550-0019-tushenka-iz-kuricy,тушёнка,"[""курица""]",1,1,1,1,1,1,1,1,1,1,1,1,0,1
Ферма Моей Мамы,Мясо и птица,гусь,84767,https://svoe-rodnoe.ru/category/mjaso-pticy/18550-0018-gus,гусь,[],0,0,0,0,0,0,0,0,0,0,1,0,0,12
Ферма Моей Мамы,Овощи и фрукты,картофель,84754,https://svoe-rodnoe.ru/category/roots/18550-0005-kartofel,картофель,[],1,1,1,1,0,1,1,1,1,1,1,1,0,2
«Борька и Зорька»,Бакалея,борщ с фермерским цыплёнком,165818,https://svoe-rodnoe.ru/category/supy-i-bul-ony/18294-0081-borsch-s-fermerskim-cypljonkom,борщ,"[""фермерский"", ""цыплёнок""]",1,1,1,1,1,1,1,1,1,1,1,1,0,1
Ферма Моей Мамы,Овощи и фрукты,лук репчатый,84756,https://svoe-rodnoe.ru/category/roots/18550-0007-luk-repchatyj,лук,"[""репчатый""]",1,1,1,1,1,1,1,1,1,1,1,1,0,1
Ферма Моей Мамы,Овощи и фрукты,петрушка,54922,https://svoe-rodnoe.ru/category/zelen/18550-06-petrushka,петрушка,[],1,1,1,1,1,1,1,1,1,1,1,1,0,1
Ферма Моей Мамы,Овощи и фрукты,салат,54923,https://svoe-rodnoe.ru/category/zelen/18550-09-salat,салат,[],1,1,1,1,1,1,1,1,1,1,1,1,0,1
«Борька и Зорька»,Бакалея,тушенка из домашних цыплят без кости в стекле,165704,https://svoe-rodnoe.ru/category/stew/18294-00072-tushenka-iz-domashnih-cypljat-bez-kosti-v-stekle,тушёнка,"[""домашний"", ""цыплёнок"", ""кость"", ""стекло""]",1,1,1,1,1,1,1,1,1,1,1,1,0,1
«Борька и Зорька»,Бакалея,фреш паста с шафраном,166302,https://svoe-rodnoe.ru/category/vtorye-bljuda/18294-00115-fresh-pasta-s-shafranom,фреш,"[""паста"", ""шафран""]",1,1,1,1,1,1,1,1,1,1,1,1,0,1
«Борька и Зорька»,Заморозка,курзе с бараниной и телятиной,123575,https://svoe-rodnoe.ru/category/pel-meni/18294-63-kurze-baranina,курза,"[""баранина"", ""телятина""]",1,1,1,1,1,1,1,1,1,1,1,1,0,1
«Борька и Зорька»,Мясо и птица,долма,121462,https://svoe-rodnoe.ru/category/farsh-domashnij/18294-19-dolma,долма,"[""долма""]",1,1,1,1,1,1,1,1,1,1,1,1,0,1
«Борька и Зорька»,Бакалея,песто домашний классический,165808,https://svoe-rodnoe.ru/category/canned/18294-0078-pesto-domashnij-klassicheskij,песто,"[""домашний"", ""классический""]",1,1,1,1,1,1,1,1,1,1,1,1,1,1
«Борька и Зорька»,Бакалея,рийет индоутка/яблоко,123579,https://svoe-rodnoe.ru/category/snjeki/18294-67-rijet-indoutka-jabloko,рийет,"[""индоутка"", ""яблоко""]",1,1,1,1,1,1,1,1,1,1,1,1,1,1
«Борька и Зорька»,Мясо и птица,курица фермерская,165926,https://svoe-rodnoe.ru/category/chicken/18294-000112-kurica-fermerskaja,курица,"[""фермерский""]",1,1,1,1,1,1,1,1,1,1,1,1,0,1
«Борька и Зорька»,Мясо и птица,смалец застольный,165910,https://svoe-rodnoe.ru/category/kopchenoe-i-vjalenoe-mjaso/18294-00097-smalec-zastol-nyj,смалец,"[""застольный""]",1,1,1,1,1,1,1,1,1,1,1,1,0,1
«Борька и Зорька»,Заморозка,долма постная с отборным нутом,166303,https://svoe-rodnoe.ru/category/polufabrikaty-mjasnye/18294-00116-dolma-postnaja-s-otbornym-nutom,нут,"[""долма"", ""постный"", ""отборный""]",1,1,1,1,1,1,1,1,1,1,1,1,0,1
«Борька и Зорька»,Мясо и птица,суджук говяжий фермерский,165625,https://svoe-rodnoe.ru/category/sausage/18294-00066-sudzhuk-govjazhij-fermerskij,суджук,"[""говяжий"", ""фермерский""]",1,1,1,1,1,1,1,1,1,1,1,1,1,1
«Борька и Зорька»,Мясо и птица,крылышки маринованные для запекания и гриля,121513,https://svoe-rodnoe.ru/category/shashlyk-iz-kuricy/18294-24-krylyshki-marinovannye-dlja-zapekanija-i-grilja,крылышко,"[""мариновать"", ""запекание"", ""гриль""]",1,1,1,1,1,1,1,1,1,1,1,1,0,1
Ароматы тайги,Бакалея,лист брусники сушеный,82,https://svoe-rodnoe.ru/category/travy-i-koren-ja/183-7-list-ja-brusniki-sushenye,лист,"[""брусника"", ""сушёный""]",1,1,1,1,1,1,1,1,1,1,1,1,0,1
Ароматы тайги,Бакалея,саган-дайля сушеная,81,https://svoe-rodnoe.ru/category/travy-i-koren-ja/183-6-sagan-dajlja-sushenaja,саган,"[""дайль"", ""сушёный""]",1,1,1,1,1,1,1,1,1,1,1,1,0,1
Ароматы тайги,Овощи и фрукты,белые грибы (соленые) 500г,78,https://svoe-rodnoe.ru/category/griby/183-4-belyj-grib-solenyj-vysshij-sort,гриб,"[""солёный""]",0,0,0,0,0,0,0,1,1,1,0,0,0,10
Ароматы тайги,Овощи и фрукты,белые грибы сушеные высший сорт,76,https://svoe-rodnoe.ru/category/griby/183-2-belye-griby-sushenye-vysshij-sort,гриб,"[""сушёный"", ""высокий"", ""сорт""]",0,0,0,0,0,0,0,1,1,1,0,0,0,10
Ароматы тайги,Овощи и фрукты,брусника (вяленая) 300г,179866,https://svoe-rodnoe.ru/category/sushennye-i-vjalennye-jagody/183-183-184-00020-brusnika-vjalenaja-300g,брусника,"[""вяленый""]",1,1,1,1,1,1,1,1,1,1,1,1,0,1
Ароматы тайги,Овощи и фрукты,вишня (вяленая) 300г,179812,https://svoe-rodnoe.ru/category/sushennye-i-vjalennye-jagody/183-183-184-000019-vishnja-vjalenaja-300g,вишня,"[""вяленый""]",1,1,1,1,1,1,1,1,1,1,1,1,0,1
Ароматы тайги,Овощи и фрукты,земляника лесная (вяленая) 300г,179873,https://svoe-rodnoe.ru/category/sushennye-i-vjalennye-jagody/183-183-184-00025-zemljanika-lesnaja-vjalenaja-300g,земляника,"[""лесной"", ""вяленый""]",1,1,1,1,1,1,1,1,1,1,1,1,0,1
Ароматы тайги,Овощи и фрукты,кедровый орех (ядро) 1000г,176825,https://svoe-rodnoe.ru/category/nuts/183-183-183-000011-kedrovyj-oreh-jadro-1000g,орех,"[""кедровый"", ""ядро""]",1,1,1,1,1,1,1,1,1,1,1,1,0,1
Ароматы тайги,Овощи и фрукты,кедровый орех (ядро) 200г,60174,https://svoe-rodnoe.ru/category/nuts/183-000000019-kedrovyj-oreh-jadro-200g,орех,"[""кедровый"", ""ядро""]",1,1,1,1,1,1,1,1,1,1,1,1,0,1
Ароматы тайги,Овощи и фрукты,клюква (вяленая),330,https://svoe-rodnoe.ru/category/berries/183-16-kljukva-vjalenaja,клюква,"[""вяленый""]",1,1,1,1,1,1,1,1,1,1,1,1,0,1
Ароматы тайги,Овощи и фрукты,"лисички сушеные, 80г",162972,https://svoe-rodnoe.ru/category/griby/183-183-0000000098-lisichki-sushenye,лисичка,"[""сушёный""]",0,0,0,0,0,0,1,1,1,0,0,0,1,10
Ароматы тайги,Овощи и фрукты,амурский бархат (сушеный),333,https://svoe-rodnoe.ru/category/berries/183-19-amurskij-barhat-sushenyj,бархат,"[""амурский"", ""сушёный""]",1,1,1,1,1,1,1,1,1,1,1,1,0,1
Ароматы тайги,Овощи и фрукты,брусника (вяленая),332,https://svoe-rodnoe.ru/category/sushennye-i-vjalennye-jagody/183-18-brusnika-vjalenaja,брусника,"[""вяленый""]",1,1,1,1,1,1,1,1,1,1,1,1,0,1
Ароматы тайги,Овощи и фрукты,брусника (вяленая) 500г,180279,https://svoe-rodnoe.ru/category/sushennye-i-vjalennye-jagody/183-183-184-5-brusnika-vjalenaja-500g,брусника,"[""вяленый""]",1,1,1,1,1,1,1,1,1,1,1,1,0,1
Ароматы тайги,Овощи и фрукты,вишня (вяленая),331,https://svoe-rodnoe.ru/category/sushennye-i-vjalennye-jagody/183-17-vishnja-vjalenaja,вишня,"[""вяленый""]",1,1,1,1,1,1,1,1,1,1,1,1,0,1
Ароматы тайги,Овощи и фрукты,сморчки сушеные,324,https://svoe-rodnoe.ru/category/griby/183-12-smorchki-sushenye,сморчок,"[""сушёный""]",0,0,0,1,1,0,0,0,0,0,0,0,1,11
Ароматы тайги,Овощи и фрукты,черника (вяленая),327,https://svoe-rodnoe.ru/category/sushennye-i-vjalennye-jagody/183-13-chernika-vjalenaja,черника,"[""вяленый""]",1,1,1,1,1,1,1,1,1,1,1,1,0,1
Ароматы тайги,Овощи и фрукты,черника (вяленая) 150г,177171,https://svoe-rodnoe.ru/category/sushennye-i-vjalennye-jagody/183-184-152-0001-chernika-vjalenaja-150g,черника,"[""вяленый""]",1,1,1,1,1,1,1,1,1,1,1,1,0,1
Ароматы тайги,Овощи и фрукты,шиповник (сушеный),74782,https://svoe-rodnoe.ru/category/sushennye-i-vjalennye-jagody/183-183-00015-shipovnik-sushenyj,шиповник,"[""сушёный""]",1,1,1,0,0,0,0,0,1,1,1,1,0,6
Ароматы тайги,Овощи и фрукты,вишня (вяленая) 150г,177173,https://svoe-rodnoe.ru/category/sushennye-i-vjalennye-jagody/183-183-184-15200003-vishnja-vjalenaja-150g,вишня,"[""вяленый""]",1,1,1,1,1,1,1,1,1,1,1,1,0,1
Ароматы тайги,Овощи и фрукты,голубика (вяленая) 140г,179871,https://svoe-rodnoe.ru/category/sushennye-i-vjalennye-jagody/183-183-183-184-000020-golubika-vjalenaja-140g,голубика,"[""вяленый""]",1,1,1,1,1,1,1,1,1,1,1,1,0,1
Ароматы тайги,Овощи и фрукты,грибы белые сушеные 120г,131879,https://svoe-rodnoe.ru/category/griby/183-00000000888-griby-belye-sushenye-150g,гриб,"[""сушёный""]",0,0,0,0,0,0,0,1,1,1,0,0,0,10
Ароматы тайги,Овощи и фрукты,земляника лесная (вяленая) 150г,178826,https://svoe-rodnoe.ru/category/sushennye-i-vjalennye-jagody/183-183-184-000008-zemljanika-lesnaja-vjalenaja-150g,земляника,"[""лесной"", ""вяленый""]",1,1,1,1,1,1,1,1,1,1,1,1,0,1
Ароматы тайги,Овощи и фрукты,кедровый орех (ядро) 500г,74779,https://svoe-rodnoe.ru/category/nuts/183-183-000010-kedrovyj-oreh-jadro-500g,орех,"[""кедровый"", ""ядро""]",1,1,1,1,1,1,1,1,1,1,1,1,0,1
Ароматы тайги,Овощи и фрукты,малина (вяленая),329,https://svoe-rodnoe.ru/category/berries/183-15-malina-vjalenaja,малина,"[""вяленый""]",1,1,1,1,1,1,1,1,1,1,1,1,0,1
Ароматы тайги,Овощи и фрукты,малина (вяленая) 300г,179876,https://svoe-rodnoe.ru/category/sushennye-i-vjalennye-jagody/183-183-184-00026-malina-vjalenaja-300g,малина,"[""вяленый""]",1,1,1,1,1,1,1,1,1,1,1,1,0,1
Ароматы тайги,Овощи и фрукты,малина (вяленая) 500г,180281,https://svoe-rodnoe.ru/category/sushennye-i-vjalennye-jagody/183-183-184-6-malina-vjalenaja-500g,малина,"[""вяленый""]",1,1,1,1,1,1,1,1,1,1,1,1,0,1
Ароматы тайги,Овощи и фрукты,маслята соленые 500мл,315,https://svoe-rodnoe.ru/category/griby/183-183-8-masljata-solenye,маслёнок,"[""солёный""]",0,0,0,0,0,0,1,1,1,0,0,0,0,10
Ароматы тайги,Овощи и фрукты,рыжики соленые 500г,44144,https://svoe-rodnoe.ru/category/griby/183-183-21-ryzhiki-solenye,рыжик,"[""солёный""]",0,0,0,0,0,0,0,1,1,1,0,0,0,10
Ароматы тайги,Овощи и фрукты,сморчки сушеные 90г,150104,https://svoe-rodnoe.ru/category/griby/183-000000089-smorchki-sushenye-90g,сморчок,"[""сушёный""]",0,0,0,1,1,0,0,0,0,0,0,0,1,11
ProBulion,Бакалея,костный бульон рыбный probulion,48511,https://svoe-rodnoe.ru/category/supy-i-bul-ony/18018-fish-kostnyj-bul-on-rybnyj-probulion,бульон,"[""костный"", ""рыбный"", ""probulion""]",1,1,1,1,1,1,1,1,1,1,1,1,0,1
Ферма Моей Мамы,Бакалея,капуста квашенная,138016,https://svoe-rodnoe.ru/category/marinovannaja-i-solenaja/18550-27-kapusta-kvashennaja,капуста,"[""квасить""]",1,1,1,0,0,0,0,1,1,1,1,1,0,5
Ферма Моей Мамы,Мясо и птица,бройлер,84764,https://svoe-rodnoe.ru/category/chicken/18550-0015-brojler,бройлер,[],1,1,1,1,1,1,1,1,1,1,1,1,0,1
Ферма Моей Мамы,Овощи и фрукты,кабачки,84757,https://svoe-rodnoe.ru/category/vegetables/18550-0008-kabachki,кабачок,[],0,0,0,0,0,0,1,1,1,0,0,0,0,10
Ферма Моей Мамы,Овощи и фрукты,руккола,84763,https://svoe-rodnoe.ru/category/zelen/18550-0014-rukkola,руккола,[],1,1,1,1,1,1,1,1,1,1,1,1,0,1
Ферма Моей Мамы,Овощи и фрукты,укроп,84760,https://svoe-rodnoe.ru/category/zelen/18550-0011-ukrop,укроп,[],1,1,1,1,1,1,1,1,1,1,1,1,0,1
Ферма Моей Мамы,Бакалея,морковь по корейски,84775,https://svoe-rodnoe.ru/category/marinovannaja-i-solenaja/18550-0023-morkov-po-korejski,морковь,"[""корейски""]",1,1,1,1,0,0,1,1,1,1,1,1,0,3
Ферма Моей Мамы,Бакалея,"огурцы соленые ""а-ля деревенские""",84773,https://svoe-rodnoe.ru/category/ovoschi-konservirovannye/18550-0021-ogurcy-solenye-a-lja-derevenskie,огурец,"[""солёный"", ""ля"", ""деревенский""]",0,0,0,0,0,1,1,1,0,0,0,0,0,10
Ферма Моей Мамы,Бакалея,"огурцы соленые ""а-ля деревенские"", 3л",84774,https://svoe-rodnoe.ru/category/marinovannaja-i-solenaja/18550-0022-ogurcy-solenye-a-lja-derevenskie-3l,огурец,"[""солёный"", ""ля"", ""деревенский""]",0,0,0,0,0,1,1,1,0,0,0,0,0,10
Ферма Моей Мамы,Бакалея,"приправа помидорная ""чесночка""",84776,https://svoe-rodnoe.ru/category/butter-sauces/18550-0024-priprava-pomidornaja-chesnochka,приправа,"[""помидорный"", ""чесночок""]",1,1,1,1,1,1,1,1,1,1,1,1,0,1
Ферма Моей Мамы,Мясо и птица,утка,84766,https://svoe-rodnoe.ru/category/utka/18550-0017-utka,утка,[],0,0,0,0,0,0,0,0,1,1,1,0,0,10
Ферма Моей Мамы,Овощи и фрукты,кинза,54924,https://svoe-rodnoe.ru/category/zelen/18550-07-kinza,кинза,[],1,1,1,1,1,1,1,1,1,1,1,1,0,1
Ферма Моей Мамы,Овощи и фрукты,морковь,84755,https://svoe-rodnoe.ru/category/roots/18550-0006-morkov,морковь,[],1,1,1,1,0,0,1,1,1,1,1,1,0,3
Ферма Моей Мамы,Овощи и фрукты,цукини,84758,https://svoe-rodnoe.ru/category/vegetables/18550-0009-cukini,цукиня,[],0,0,0,0,0,0,1,1,1,0,0,0,0,10
«Борька и Зорька»,Мясо и птица,сало классическое,121463,https://svoe-rodnoe.ru/category/salo/18294-20-salo-klassicheskoe,сало,"[""классический""]",1,1,1,1,1,1,1,1,1,1,1,1,0,1
«Борька и Зорька»,Мясо и птица,финский сервелат мангалицы,123424,https://svoe-rodnoe.ru/category/vareno-kopchenye/18294-41-finskij-servelat-mangalicy,сервелат,"[""финский"", ""мангалица""]",1,1,1,1,1,1,1,1,1,1,1,1,0,1
«Борька и Зорька»,Мясо и птица,цыплята корнишоны,123296,https://svoe-rodnoe.ru/category/chicken/18294-40-cypljata-kornishony,цыплёнок,"[""корнишон""]",1,1,1,1,1,1,1,1,1,1,1,1,0,1
Ароматы тайги,Бакалея,чабрец (сушеный),60224,https://svoe-rodnoe.ru/category/grocery/183-000028-chabrec-sushenyj,чабрец,"[""сушёный""]",1,1,1,1,1,1,1,1,1,1,1,1,0,1
Ароматы тайги,Овощи и фрукты,белые грузди соленые белянка 500мл,75,https://svoe-rodnoe.ru/category/griby/183-1-belye-gruzdi-solenye,гриб,"[""груздь"", ""солёный"", ""белянка""]",0,0,0,0,0,0,0,1,1,1,0,0,0,10
Ароматы тайги,Овощи и фрукты,белые грузди (соленые) бочковые экстра 500мл,172977,https://svoe-rodnoe.ru/category/griby/183-183-50-belye-gruzdi-solenye-bochkovye-jekstra-500ml,гриб,"[""груздь"", ""солёный"", ""бочковый"", ""экстра""]",0,0,0,0,0,0,0,1,1,1,0,0,0,10
Ароматы тайги,Овощи и фрукты,земляника лесная (вяленая),77,https://svoe-rodnoe.ru/category/sushennye-i-vjalennye-jagody/183-3-zemljanika-lesnaja-vjalenaja,земляника,"[""лесной"", ""вяленый""]",1,1,1,1,1,1,1,1,1,1,1,1,0,1
Ароматы тайги,Овощи и фрукты,кедровый орех в скорлупе,160309,https://svoe-rodnoe.ru/category/nuts/183-0000000000318-kedrovyj-oreh-v-skorlupe,орех,"[""кедровый"", ""скорлупа""]",1,1,1,1,1,1,1,1,1,1,1,1,0,1
Ароматы тайги,Овощи и фрукты,клюква (вяленая) 140г,178829,https://svoe-rodnoe.ru/category/sushennye-i-vjalennye-jagody/183-183-183-184-000009-kljukva-vjalenaja-140g,клюква,"[""вяленый""]",1,1,1,1,1,1,1,1,1,1,1,1,0,1
Ароматы тайги,Овощи и фрукты,лисички сушеные,80,https://svoe-rodnoe.ru/category/griby/183-5-lisichki-sushenye,лисичка,"[""сушёный""]",0,0,0,0,0,0,1,1,1,0,0,0,1,10
Ароматы тайги,Овощи и фрукты,облепиха (вяленая) 140г,178830,https://svoe-rodnoe.ru/category/sushennye-i-vjalennye-jagody/183-183-183-184-0005-oblepiha-vjalenaja-140g,облепиха,"[""вяленый""]",1,1,1,1,1,1,1,1,1,1,1,1,0,1
Ароматы тайги,Овощи и фрукты,облепиха (вяленая) 420г,180293,https://svoe-rodnoe.ru/category/sushennye-i-vjalennye-jagody/183-183-184-894-oblepiha-vjalenaja-420g,облепиха,"[""вяленый""]",1,1,1,1,1,1,1,1,1,1,1,1,0,1
Ароматы тайги,Овощи и фрукты,опята соленые 500мл,44141,https://svoe-rodnoe.ru/category/griby/183-183-20-opjata-solenye,опёнок,"[""солёный""]",0,0,0,0,0,0,0,0,1,1,0,0,0,11
Ароматы тайги,Овощи и фрукты,подосиновики (сушеные ) 100г,154338,https://svoe-rodnoe.ru/category/griby/183-0000000015-podosinoviki-sushenye-100g,подосиновик,"[""сушёный""]",0,0,0,0,0,0,0,1,1,0,0,0,0,11
Ароматы тайги,Овощи и фрукты,подосиновик сушеный,322,https://svoe-rodnoe.ru/category/griby/183-11-podosinovik-sushenyj,подосиновик,"[""сушёный""]",0,0,0,0,0,0,0,1,1,0,0,0,0,11
Ароматы тайги,Овощи и фрукты,тестовый товар,163526,https://svoe-rodnoe.ru/category/griby/183-000000010-testovyj-tovar,товар,"[""тестовый""]",1,1,1,1,1,1,1,1,1,1,1,1,0,1
Ароматы тайги,Овощи и фрукты,тестовый товар не весовой,172987,https://svoe-rodnoe.ru/category/griby/183-0000000001-testovyj-tovar-ne-vesovoj,товар,"[""тестовый"", ""весовой""]",1,1,1,1,1,1,1,1,1,1,1,1,0,1
Ароматы тайги,Овощи и фрукты,черника (вяленая) 500г,180262,https://svoe-rodnoe.ru/category/sushennye-i-vjalennye-jagody/183-183-184-2-chernika-vjalenaja-500g,черника,"[""вяленый""]",1,1,1,1,1,1,1,1,1,1,1,1,0,1
Ферма Моей Мамы,Мясо и птица,цесарка,84765,https://svoe-rodnoe.ru/category/cesarka/18550-0016-cesarka,цесарка,[],1,1,1,1,1,1,1,1,1,1,1,1,1,1
Ферма Моей Мамы,Овощи и фрукты,букет салатный весенний,84759,https://svoe-rodnoe.ru/category/zelen/18550-0010-buket-salatnyj-vesennij,букет,"[""салатный"", ""весенний""]",1,1,1,1,1,1,1,1,1,1,1,1,0,1
Ферма Моей Мамы,Овощи и фрукты,свекла,136355,https://svoe-rodnoe.ru/category/roots/18550-18550-0025-svekla,свекла,[],1,1,1,1,0,0,1,1,1,1,1,1,0,3
Ферма Моей Мамы,Овощи и фрукты,шпинат,84762,https://svoe-rodnoe.ru/category/zelen/18550-0013-shpinat,шпинат,[],0,0,0,0,1,1,1,1,0,0,0,0,0,9
Ферма Моей Мамы,Овощи и фрукты,щавель,54920,https://svoe-rodnoe.ru/category/zelen/18550-36-schavel,щавель,[],0,0,0,0,1,1,0,0,0,0,0,0,0,11
Сыроварня DolceLatte,Бакалея,парфе с коньяком и тимьяном,82834,https://svoe-rodnoe.ru/category/pashtety/188-778655788-parfe-s-kon-jakom-i-tim-janom,парфе,"[""коньяк"", ""тимьян""]",1,1,1,1,1,1,1,1,1,1,1,1,0,1
Сыроварня DolceLatte,Бакалея,соус песто,82831,https://svoe-rodnoe.ru/category/pesto/188-6677643566-sous-pesto,соус,"[""песто""]",1,1,1,1,1,1,1,1,1,1,1,1,0,1
Сыроварня DolceLatte,Мясо и птица,"мясо вяленое ""coppa"" ""dolcelatte""",82859,https://svoe-rodnoe.ru/category/kopchenoe-i-vjalenoe-mjaso/188-5677543-mjaso-vjalenoe-coppa-dolcelatte,мясо,"[""вяленый"", ""coppa"", ""dolcelatte""]",1,1,1,1,1,1,1,1,1,1,1,1,0,1
Сыроварня DolceLatte,Бакалея,брускетта из маслин и оливок,82836,https://svoe-rodnoe.ru/category/pashtety/188-78876578-brusketta-iz-maslin-i-olivok,брускетта,"[""маслина"", ""оливка""]",1,1,1,1,1,1,1,1,1,1,1,1,0,1
Сыроварня DolceLatte,Мясо и птица,"буженина ""dolcelatte""",82863,https://svoe-rodnoe.ru/category/mjasnye-delikatesy/188-7776433-buzhenina-dolcelatte,буженина,"[""dolcelatte""]",1,1,1,1,1,1,1,1,1,1,1,1,0,1
"Экоферма ""Душевное""",Заморозка,чебуреки,61522,https://svoe-rodnoe.ru/category/chebureki/19526-27-chebureki,чебурек,[],1,1,1,1,1,1,1,1,1,1,1,1,0,1
Сыроварня DolceLatte,Мясо и птица,"ветчина prosciutto cotto ""dolcelatte""",76282,https://svoe-rodnoe.ru/category/sausage/188-21-vetchina-prosciutto-cotto-dolcelatte,ветчина,"[""prosciutto"", ""cotto"", ""dolcelatte""]",1,1,1,1,1,1,1,1,1,1,1,1,0,1
Сыроварня DolceLatte,Мясо и птица,"холодец ""dolcelatte""",82864,https://svoe-rodnoe.ru/category/mjasnye-delikatesy/188-5688644787-holodec-dolcelatte,холодец,"[""dolcelatte""]",1,1,1,1,1,1,1,1,1,1,1,1,0,1
"Экоферма ""Душевное""",Бакалея,долма,61507,https://svoe-rodnoe.ru/category/vtorye-bljuda/19526-21-dolma,долма,"[""долма""]",1,1,1,1,1,1,1,1,1,1,1,1,0,1
"Экоферма ""Душевное""",Заморозка,"зразы из картофеля, капусты и грибами",61655,https://svoe-rodnoe.ru/category/ovoschi-i-smesi/19526-38-zrazy-iz-kartofelja-kapusty-i-griby,зраза,"[""картофель"", ""капуста"", ""гриб""]",1,1,1,1,1,1,1,1,1,1,1,1,0,1
"Экоферма ""Душевное""",Мясо и птица,азу из говядины,61245,https://svoe-rodnoe.ru/category/guljash-iz-govjadiny/19526-6-azu-iz-govjadiny,азу,"[""говядина""]",1,1,1,1,1,1,1,1,1,1,1,1,0,1
"Экоферма ""Душевное""",Заморозка,перец фаршированный,61506,https://svoe-rodnoe.ru/category/kotlety-golubcy-tefteli-naggetsy/19526-20-perec-farshirovannyj,перец,"[""фаршированный""]",0,0,0,0,0,0,0,1,1,1,0,0,0,10
БЕЛОПОЛЕ,Бакалея,"""белополе"" жмых белый кунжут",173296,https://svoe-rodnoe.ru/category/grocery/22090-5137-belopole-zhmyh-belyj-kunzhut,жмых,"[""белый"", ""кунжут""]",1,1,1,1,1,1,1,1,1,1,1,1,0,1
БЕЛОПОЛЕ,Бакалея,"""белополе"" жмых расторопши",173353,https://svoe-rodnoe.ru/category/grocery/22090-2284-belopole-zhmyh-rastoropshi,жмых,"[""расторопша""]",1,1,1,1,1,1,1,1,1,1,1,1,0,1
БЕЛОПОЛЕ,Бакалея,"""белополе"" жмых расторопши молотый",173346,https://svoe-rodnoe.ru/category/grocery/22090-2341-belopole-zhmyh-rastoropshi-molotyj,жмых,"[""расторопша"", ""молотый""]",1,1,1,1,1,1,1,1,1,1,1,1,0,1
БЕЛОПОЛЕ,Бакалея,"""белополе"" жмых тыквенный",173334,https://svoe-rodnoe.ru/category/grocery/22090-2389-belopole-zhmyh-tykvennyj,жмых,"[""тыквенный""]",1,1,1,1,1,1,1,1,1,1,1,1,0,1
БЕЛОПОЛЕ,Бакалея,"""белополе"" жмых черного тмина",173330,https://svoe-rodnoe.ru/category/grocery/22090-2412-belopole-zhmyh-chernogo-tmina,жмых,"[""чёрный"", ""тмин""]",1,1,1,1,1,1,1,1,1,1,1,1,0,1
БЕЛОПОЛЕ,Бакалея,"""белополе"" жмых черного тмина молотый",173345,https://svoe-rodnoe.ru/category/grocery/22090-2359-belopole-zhmyh-chernogo-tmina-molotyj,жмых,"[""чёрный"", ""тмин"", ""молотый""]",1,1,1,1,1,1,1,1,1,1,1,1,0,1
БЕЛОПОЛЕ,Бакалея,"""белополе"" жмых черный кунжут",173302,https://svoe-rodnoe.ru/category/muka/22090-3791-belopole-zhmyh-chernyj-kunzhut,жмых,"[""чёрный"", ""кунжут""]",1,1,1,1,1,1,1,1,1,1,1,1,0,1
БЕЛОПОЛЕ,Бакалея,"""белополе"" льняной жмых",173356,https://svoe-rodnoe.ru/category/grocery/22090-2265-belopole-l-njanoj-zhmyh,жмых,"[""льняной""]",1,1,1,1,1,1,1,1,1,1,1,1,0,1
БЕЛОПОЛЕ,Бакалея,"""белополе"" смесь жмыхов ""друг желудка"": бережное восстановление жкт для всей семьи  400 г",173255,https://svoe-rodnoe.ru/category/superfudy-i-semena/22090-11656-belopole-smes-zhmyhov-drug-zheludka-berezhnoe-vosstanovlenie-zhkt-dlja-vsej-sem-i-400-g,смесь,"[""жмыховый"", ""друг"", ""желудок"", ""бережный"", ""восстановление"", ""жкт"", ""весь"", ""семья""]",1,1,1,1,1,1,1,1,1,1,1,1,0,1
БЕЛОПОЛЕ,Бакалея,кориандр семена целые 50г,173286,https://svoe-rodnoe.ru/category/specii/22090-6781-koriandr-semena-celye-50g,кориандр,"[""семя"", ""целый""]",1,1,1,1,1,1,1,1,1,1,1,1,0,1
БЕЛОПОЛЕ,Бакалея,"""белополе"" жмых конопли пищевой",173351,https://svoe-rodnoe.ru/category/grocery/22090-2291-belopole-zhmyh-konopli-pischevoj,жмых,"[""конопля"", ""пищевой""]",1,1,1,1,1,1,1,1,1,1,1,1,0,1
БЕЛОПОЛЕ,Бакалея,"""белополе"" жмых кедрового ореха",173235,https://svoe-rodnoe.ru/category/grocery/22090-20098-belopole-zhmyh-kedrovogo-oreha,жмых,"[""кедровый"", ""орех""]",1,1,1,1,1,1,1,1,1,1,1,1,0,1
БЕЛОПОЛЕ,Бакалея,"""белополе"" смесь  обезжиренных семян  ""универсальная""  5 семян 400 г",173257,https://svoe-rodnoe.ru/category/superfudy-i-semena/22090-10282-belopole-smes-obezzhirennyh-semjan-universal-naja-5-semjan-400-g,смесь,"[""обезжиренный"", ""семя"", ""универсальный"", ""семя""]",1,1,1,1,1,1,1,1,1,1,1,1,0,1
БЕЛОПОЛЕ,Бакалея,"""белополе"" смесь обезжиренных семян ""для салатов"" 400 г",173256,https://svoe-rodnoe.ru/category/superfudy-i-semena/22090-11650-belopole-smes-obezzhirennyh-semjan-dlja-salatov-400-g,смесь,"[""обезжиренный"", ""семя"", ""салат""]",1,1,1,1,1,1,1,1,1,1,1,1,0,1
БЕЛОПОЛЕ,Бакалея,"""белополе"" горчичный жмых 1 кг",173289,https://svoe-rodnoe.ru/category/grocery/22090-6303-belopole-gorchichnyj-zhmyh-1-kg,жмых,"[""горчичный""]",1,1,1,1,1,1,1,1,1,1,1,1,0,1
БЕЛОПОЛЕ,Бакалея,шишки хмеля сушеные 40г,173285,https://svoe-rodnoe.ru/category/travy-i-koren-ja/22090-6809-shishki-hmelja-sushenye-40g,шишка,"[""хмелить"", ""сушёный""]",1,1,1,1,1,1,1,1,1,1,1,1,0,1
Аннушкина Ферма,Бакалея,майонез 9%,35981,https://svoe-rodnoe.ru/category/mayo/2358-0059-majonez-9-500g,майонез,[],1,1,1,1,1,1,1,1,1,1,1,1,0,1
Аннушкина Ферма,Бакалея,майонез домашний 57%,10251,https://svoe-rodnoe.ru/category/mayo/2358-18od-majonez-domashnij-57,майонез,"[""домашний""]",1,1,1,1,1,1,1,1,1,1,1,1,0,1
Аннушкина Ферма,Мясо и птица,"говядина на кости, грудинка",36100,https://svoe-rodnoe.ru/category/grudinka-govjazh-ja/2358-0088-govjazh-ja-grudinka-n-k,говядина,"[""кость"", ""грудинка""]",1,1,1,1,1,1,1,1,1,1,1,1,0,1
Аннушкина Ферма,Мясо и птица,индейка филе,36003,https://svoe-rodnoe.ru/category/indejka/2358-0077-indejka-file,индейка,"[""филе""]",1,1,1,1,1,1,1,1,1,1,1,1,0,1
Аннушкина Ферма,Мясо и птица,окорочка куриные,35993,https://svoe-rodnoe.ru/category/chicken/2358-0067-okorochka-kurica,окорочка,"[""куриный""]",1,1,1,1,1,1,1,1,1,1,1,1,0,1
Аннушкина Ферма,Мясо и птица,"сервелат ""можайский"" с фундуком",36123,https://svoe-rodnoe.ru/category/smoke-dried/2358-0106-servelat-mozhajskij-s-fundukom,сервелат,"[""можайский"", ""фундук""]",1,1,1,1,1,1,1,1,1,1,1,1,0,1
Аннушкина Ферма,Мясо и птица,фарш куриный,35995,https://svoe-rodnoe.ru/category/farsh-kurinyj/2358-0069-farsh-kurinyj,фарш,"[""куриный""]",1,1,1,1,1,1,1,1,1,1,1,1,0,1
Аннушкина Ферма,Мясо и птица,шея говяжья,36104,https://svoe-rodnoe.ru/category/govjazh-ja-sheja/2358-0092-sheja-govjazh-ja,шея,"[""говяжий""]",1,1,1,1,1,1,1,1,1,1,1,1,0,1
Аннушкина Ферма,Мясо и птица,шея свиная,36007,https://svoe-rodnoe.ru/category/svinaja-shejka/2358-0081-sheja-svinaja,шея,"[""свиной""]",1,1,1,1,1,1,1,1,1,1,1,1,0,1
"Пасека ""Медовый Сад""",Мед и пчеловодство,cвеча в ассортименте,113540,https://svoe-rodnoe.ru/category/svechi-iz-pchelinogo-voska/23731-svech250-cvecha-v-assortimente,cвече,"[""ассортимент""]",1,1,1,1,1,1,1,1,1,1,1,1,0,1
"Пасека ""Медовый Сад""",Мед и пчеловодство,перга,113485,https://svoe-rodnoe.ru/category/perga/23731-prg500-perga,перга,[],1,1,1,1,1,1,1,1,1,1,1,1,0,1
"Пасека ""Медовый Сад""",Мед и пчеловодство,прополис,113486,https://svoe-rodnoe.ru/category/propolis/23731-prop9-propolis,прополис,[],1,1,1,1,1,1,1,1,1,1,1,1,0,1
Аннушкина Ферма,Мясо и птица,бедро куриное,35997,https://svoe-rodnoe.ru/category/chicken/2358-0071-bedro-kurinoe,бедро,"[""куриный""]",1,1,1,1,1,1,1,1,1,1,1,1,0,1
Аннушкина Ферма,Мясо и птица,корейка свиная на кости,36010,https://svoe-rodnoe.ru/category/svinaja-korejka/2358-0084-svinina-korejka,корейка,"[""свиной"", ""кость""]",1,1,1,1,1,1,1,1,1,1,1,1,0,1
Аннушкина Ферма,Мясо и птица,кролик тушка,36006,https://svoe-rodnoe.ru/category/krolik/2358-0080-krolik-tushka,кролик,"[""тушка""]",1,1,1,1,1,1,1,1,1,1,1,1,0,1
Аннушкина Ферма,Мясо и птица,лопатка свиная без кости,36011,https://svoe-rodnoe.ru/category/lopatka-svinaja/2358-0085-lopatka-svinaja-b-k,лопатка,"[""свиной"", ""кость""]",1,1,1,1,1,1,1,1,1,1,1,1,0,1
Аннушкина Ферма,Мясо и птица,прошутто фриули,36121,https://svoe-rodnoe.ru/category/syrovyalenaya-kolbasa/2358-0105-proshutto-friuli,прошутто,"[""фриуля""]",1,1,1,1,1,1,1,1,1,1,1,1,1,1
Аннушкина Ферма,Мясо и птица,русский хамон,36131,https://svoe-rodnoe.ru/category/syrovyalenaya-kolbasa/2358-0112-russkij-hamon,хамон,"[""русский""]",1,1,1,1,1,1,1,1,1,1,1,1,1,1
Аннушкина Ферма,Мясо и птица,салями с хамоном,36136,https://svoe-rodnoe.ru/category/syrovyalenaya-kolbasa/2358-0115-kolbaski-mozhajskie-s-hamonom,салями,"[""хамон""]",1,1,1,1,1,1,1,1,1,1,1,1,0,1
Аннушкина Ферма,Мясо и птица,свиные ребра охлажденные,36009,https://svoe-rodnoe.ru/category/svinye-rebra/2358-0083-svinye-rebra,ребро,"[""свиной"", ""охладить""]",1,1,1,1,1,1,1,1,1,1,1,1,0,1
Аннушкина Ферма,Мясо и птица,"сервелат ""можайский"" с горчицей",36128,https://svoe-rodnoe.ru/category/smoke-dried/2358-0110-servelat-mozhajskij-s-gorchicej,сервелат,"[""можайский"", ""горчица""]",1,1,1,1,1,1,1,1,1,1,1,1,0,1
Аннушкина Ферма,Мясо и птица,утка тушка,36000,https://svoe-rodnoe.ru/category/utka/2358-0074-utka-tushka,утка,"[""тушка""]",0,0,0,0,0,0,0,0,1,1,1,0,0,10
Аннушкина Ферма,Мясо и птица,филе курицы,35994,https://svoe-rodnoe.ru/category/chicken/2358-0068-file-kuricy,филе,"[""курица""]",1,1,1,1,1,1,1,1,1,1,1,1,0,1
Эко-Еда,Овощи и фрукты,ананас сушёный,11578,https://svoe-rodnoe.ru/category/dried-fruits/2461-199-ananas-sushjonyj,ананас,"[""сушёный""]",1,1,1,1,1,1,1,1,1,1,1,1,0,1
Эко-Еда,Овощи и фрукты,вишни сушёные (с косточкой),11587,https://svoe-rodnoe.ru/category/berries/2461-032-vishni-sushjonye-s-kostochkoj,вишня,"[""сушёный"", ""косточка""]",0,0,0,0,0,0,1,1,0,0,0,0,0,11
Эко-Еда,Овощи и фрукты,вяленые томаты (сушеные помидоры),11590,https://svoe-rodnoe.ru/category/dried-fruits/2461-245-vjalenye-tomaty-sushenye-pomidory,помидор,"[""вяленый"", ""сушёный""]",1,1,1,1,1,1,1,1,1,1,1,1,0,1
Эко-Еда,Овощи и фрукты,горох нут поджаренный,11592,https://svoe-rodnoe.ru/category/nuts/2461-049-goroh-nut-podzharennyj,горох,"[""нут"", ""поджарить""]",1,1,1,1,1,1,1,1,1,1,1,1,0,1
Эко-Еда,Овощи и фрукты,грибы белые замороженные «экстра»,11599,https://svoe-rodnoe.ru/category/griby/2461-147-griby-belye-zamorozhennye-jekstra,гриб,"[""заморозить"", ""экстра""]",1,1,1,1,1,1,1,1,1,1,1,1,0,1
Эко-Еда,Овощи и фрукты,грибы лисички отварные замороженные премиум,11600,https://svoe-rodnoe.ru/category/griby/2461-267-griby-lisichki-otvarnye-zamorozhennye-premium,гриб,"[""лисичка"", ""отварный"", ""заморозить"", ""премиум""]",1,1,1,1,1,1,1,1,1,1,1,1,0,1
Эко-Еда,Овощи и фрукты,грибы лисички отварные замороженные экстра,11601,https://svoe-rodnoe.ru/category/griby/2461-266-griby-lisichki-otvarnye-zamorozhennye-jekstra,гриб,"[""лисичка"", ""отварный"", ""заморозить"", ""экстра""]",1,1,1,1,1,1,1,1,1,1,1,1,0,1
Эко-Еда,Овощи и фрукты,грибы лисички сушёные «премиум»,11602,https://svoe-rodnoe.ru/category/griby/2461-078-griby-lisichki-sushjonye-premium,гриб,"[""лисичка"", ""сушёный"", ""премиум""]",0,0,0,0,0,0,0,1,1,1,0,0,0,10
Эко-Еда,Овощи и фрукты,дыня вяленая «косичка»,11612,https://svoe-rodnoe.ru/category/dried-fruits/2461-031-dynja-vjalenaja-kosichka,дыня,"[""вяленый"", ""косичка""]",1,1,1,1,1,1,1,1,1,1,1,1,0,1
Эко-Еда,Овощи и фрукты,ежевика сушеная,11614,https://svoe-rodnoe.ru/category/berries/2461-288-ezhevika-sushenaja,ежевика,"[""сушёный""]",0,0,0,0,0,0,1,1,0,0,0,0,0,11
Эко-Еда,Овощи и фрукты,замороженные белые грибы резаные,1779,https://svoe-rodnoe.ru/category/griby/2461-149-belye-griby-rezannye,гриб,"[""заморозить"", ""резаный""]",1,1,1,1,1,1,1,1,1,1,1,1,0,1
Эко-Еда,Овощи и фрукты,замороженные подосиновики резанные,1781,https://svoe-rodnoe.ru/category/griby/2461-233-zamorozhennye-podosinoviki-rezannye,подосиновик,"[""заморозить"", ""резать""]",1,1,1,1,1,1,1,1,1,1,1,1,0,1
Эко-Еда,Овощи и фрукты,измельчённые сушёные грибы опята,11618,https://svoe-rodnoe.ru/category/griby/2461-301-izmel-chjonnye-sushjonye-griby-opjata,гриб,"[""измельчить"", ""сушёный"", ""опёнок""]",0,0,0,0,0,0,0,1,1,1,0,0,0,10
Эко-Еда,Овощи и фрукты,кедровые орехи в скорлупе,11626,https://svoe-rodnoe.ru/category/nuts/2461-056-kedrovye-orehi-v-skorlupe,орех,"[""кедровый"", ""скорлупа""]",1,1,1,1,1,1,1,1,1,1,1,1,0,1
Эко-Еда,Овощи и фрукты,кешью сушёный,11627,https://svoe-rodnoe.ru/category/nuts/2461-222-kesh-ju-sushjonyj,кешью,"[""сушёный""]",1,1,1,1,1,1,1,1,1,1,1,1,0,1
Эко-Еда,Овощи и фрукты,кишмиш чёрный (изюм сояги),11632,https://svoe-rodnoe.ru/category/dried-fruits/2461-015-kishmish-chjornyj-izjum-sojagi,кишмиш,"[""чёрный"", ""изюм"", ""сояга""]",1,1,1,1,1,1,1,1,1,1,1,1,0,1
Эко-Еда,Овощи и фрукты,кишмиш чёрный (изюм с хвостиком),11631,https://svoe-rodnoe.ru/category/dried-fruits/2461-182-kishmish-chjornyj-izjum-s-hvostikom,кишмиш,"[""чёрный"", ""изюм"", ""хвостик""]",1,1,1,1,1,1,1,1,1,1,1,1,0,1
Эко-Еда,Овощи и фрукты,компотная смесь сухофруктов сладкая,11636,https://svoe-rodnoe.ru/category/dried-fruits/2461-321-kompotnaja-smes-suhofruktov-sladkaja,смесь,"[""компотный"", ""сухофрукты"", ""сладкий""]",1,1,1,1,1,1,1,1,1,1,1,1,0,1
Эко-Еда,Овощи и фрукты,лисички сушеные экстра,1788,https://svoe-rodnoe.ru/category/griby/2461-038-lisichki-sushenye-jekstra,лисичка,"[""сушёный"", ""экстра""]",0,0,0,0,0,0,1,1,1,0,0,0,1,10
Эко-Еда,Овощи и фрукты,малина сушеная,11645,https://svoe-rodnoe.ru/category/berries/2461-275-malina-sushenaja,малина,"[""сушёный""]",0,0,0,0,0,0,1,1,0,0,0,0,0,11
Эко-Еда,Овощи и фрукты,манго сушеный,11647,https://svoe-rodnoe.ru/category/dried-fruits/2461-278-mango-sushenyj,манго,"[""сушёный""]",1,1,1,1,1,1,1,1,1,1,1,1,0,1
Эко-Еда,Овощи и фрукты,моховики замороженные,11648,https://svoe-rodnoe.ru/category/griby/2461-271-masljata-zamorozhennye,моховик,"[""заморозить""]",1,1,1,1,1,1,1,1,1,1,1,1,0,1
Эко-Еда,Овощи и фрукты,опята соленые резаные премиум,1798,https://svoe-rodnoe.ru/category/griby/2461-144-opjata-solenye-premium,опёнок,"[""солёный"", ""резаный"", ""премиум""]",0,0,0,0,0,0,0,0,1,1,0,0,0,11
Эко-Еда,Овощи и фрукты,орех макадамия,11655,https://svoe-rodnoe.ru/category/nuts/2461-247-oreh-makadamija,орех,"[""макадамия""]",1,1,1,1,1,1,1,1,1,1,1,1,0,1
Эко-Еда,Овощи и фрукты,подосиновики соленые резаные премиум,1796,https://svoe-rodnoe.ru/category/griby/2461-133-podosinoviki-solenye-rezanye-premium,подосиновик,"[""солёный"", ""резаный"", ""премиум""]",0,0,0,0,0,0,0,1,1,0,0,0,0,11
Эко-Еда,Овощи и фрукты,семена кунжута белые,11662,https://svoe-rodnoe.ru/category/nuts/2461-224-semena-kunzhuta-belye,семя,"[""кунжут"", ""гриб""]",1,1,1,1,1,1,1,1,1,1,1,1,0,1
Эко-Еда,Овощи и фрукты,семена льна,11664,https://svoe-rodnoe.ru/category/nuts/2461-283-semena-l-na,семя,"[""лён""]",1,1,1,1,1,1,1,1,1,1,1,1,0,1
Эко-Еда,Овощи и фрукты,смесь сухофруктов для компота кисло-сладкая,11669,https://svoe-rodnoe.ru/category/dried-fruits/2461-257-smes-suhofruktov-dlja-kompota-kislo-sladkaja,смесь,"[""сухофрукты"", ""компот"", ""кисло"", ""сладкий""]",1,1,1,1,1,1,1,1,1,1,1,1,0,1
Эко-Еда,Овощи и фрукты,сушеные бананы,11685,https://svoe-rodnoe.ru/category/dried-fruits/2461-204-sushenye-banany,банан,"[""сушёный""]",1,1,1,1,1,1,1,1,1,1,1,1,0,1
Эко-Еда,Овощи и фрукты,сушёная красная слива слайсы,11680,https://svoe-rodnoe.ru/category/dried-fruits/2461-318-sushjonaja-krasnaja-sliva-slajsy,слива,"[""сушёный"", ""красный"", ""слайс""]",0,0,0,0,0,0,0,1,1,0,0,0,0,11
Эко-Еда,Овощи и фрукты,сушёная сморчковая шапочка «экстра»,11684,https://svoe-rodnoe.ru/category/griby/2461-163-sushjonaja-smorchkovaja-shapochka-jekstra,шапочка,"[""сушёный"", ""сморчковый"", ""экстра""]",1,1,1,1,1,1,1,1,1,1,1,1,0,1
Эко-Еда,Овощи и фрукты,финики сушёные,11698,https://svoe-rodnoe.ru/category/dried-fruits/2461-219-finiki-sushjonye,финик,"[""сушёный""]",1,1,1,1,1,1,1,1,1,1,1,1,0,1
Эко-Еда,Овощи и фрукты,черника сушеная,11710,https://svoe-rodnoe.ru/category/sushennye-i-vjalennye-jagody/2461-274-chernika-sushenaja,черника,"[""сушёный""]",0,0,0,0,0,0,1,1,0,0,0,0,0,11
Эко-Еда,Овощи и фрукты,шиповник горный,11715,https://svoe-rodnoe.ru/category/sushennye-i-vjalennye-jagody/2461-209-shipovnik-gornyj,шиповник,"[""горный""]",1,1,1,0,0,0,0,0,1,1,1,1,0,6
Эко-Еда,Овощи и фрукты,шиповник сибирский,11716,https://svoe-rodnoe.ru/category/berries/2461-161-shipovnik-sibirskij,шиповник,"[""сибирский""]",1,1,1,0,0,0,0,0,1,1,1,1,0,6
Эко-Еда,Овощи и фрукты,яблоки сушеные слайсы,11719,https://svoe-rodnoe.ru/category/dried-fruits/2461-211-jabloki-sushenye-slajsy,яблоко,"[""сушёный"", ""слайс""]",1,1,1,0,0,0,0,1,1,1,1,1,0,5
Эко-Еда,Овощи и фрукты,яблоки сушёные,11718,https://svoe-rodnoe.ru/category/dried-fruits/2461-047-jabloki-sushjonye,яблоко,"[""сушёный""]",1,1,1,0,0,0,0,1,1,1,1,1,0,5
Аннушкина Ферма,Мясо и птица,бедро индейки,36005,https://svoe-rodnoe.ru/category/indejka/2358-0079-bedro-indejki,бедро,"[""индейка""]",1,1,1,1,1,1,1,1,1,1,1,1,0,1
Аннушкина Ферма,Мясо и птица,говядина вырезка,36101,https://svoe-rodnoe.ru/category/govjazh-ja-vyrezka/2358-0089-govjadina-vyrezka,говядина,"[""вырезка""]",1,1,1,1,1,1,1,1,1,1,1,1,0,1
Аннушкина Ферма,Мясо и птица,говядина лопатка б/к,36013,https://svoe-rodnoe.ru/category/mjakot-govjadiny/2358-0087-govjadina-lopatka-b-k,говядина,"[""лопатка""]",1,1,1,1,1,1,1,1,1,1,1,1,0,1
Аннушкина Ферма,Мясо и птица,голени куриные,35998,https://svoe-rodnoe.ru/category/chicken/2358-0072-goleni-kurinye,голень,"[""куриный""]",1,1,1,1,1,1,1,1,1,1,1,1,0,1
Аннушкина Ферма,Мясо и птица,индейка тушка,36002,https://svoe-rodnoe.ru/category/indejka/2358-0076-indejka-tushka,индейка,"[""тушка""]",1,1,1,1,1,1,1,1,1,1,1,1,0,1
Аннушкина Ферма,Мясо и птица,кострец говяжий,36102,https://svoe-rodnoe.ru/category/mjakot-govjadiny/2358-0090-krestec-govjazhij,кострец,"[""говяжий""]",1,1,1,1,1,1,1,1,1,1,1,1,0,1
Аннушкина Ферма,Мясо и птица,окорок свиной без кости,36012,https://svoe-rodnoe.ru/category/svinoj-okorok/2358-0086-okorok-svinoj,окорка,"[""свиной"", ""кость""]",1,1,1,1,1,1,1,1,1,1,1,1,0,1
Аннушкина Ферма,Мясо и птица,печень куриная,35999,https://svoe-rodnoe.ru/category/subprodukty/2358-0073-pechen-kurinaja,печень,"[""куриный""]",1,1,1,1,1,1,1,1,1,1,1,1,0,1
Аннушкина Ферма,Мясо и птица,сало соленое,36119,https://svoe-rodnoe.ru/category/salo/2358-0104-salo-solenoe,сало,"[""солёный""]",1,1,1,1,1,1,1,1,1,1,1,1,0,1
Аннушкина Ферма,Мясо и птица,"сервелат ""можайский""",36126,https://svoe-rodnoe.ru/category/smoke-dried/2358-0108-servelat-mozhajskij,сервелат,"[""можайский""]",1,1,1,1,1,1,1,1,1,1,1,1,0,1
Аннушкина Ферма,Мясо и птица,"сервелат ""можайский"" огненный",36124,https://svoe-rodnoe.ru/category/smoke-dried/2358-0107-servelat-mozhajskij-ognennyj,сервелат,"[""можайский"", ""огненный""]",1,1,1,1,1,1,1,1,1,1,1,1,0,1
Аннушкина Ферма,Мясо и птица,сервелат огненный,83531,https://svoe-rodnoe.ru/category/syrokopchenaya-kolbasa/2358-0128-servelat-ognennyj,сервелат,"[""огненный""]",1,1,1,1,1,1,1,1,1,1,1,1,0,1
Аннушкина Ферма,Мясо и птица,"тарелка мясная ""деликатесная""",4739,https://svoe-rodnoe.ru/category/syrokopchenaya-kolbasa/2358-7d-tarelka-delikatesnaja-annushkina-ferma,тарелка,"[""мясной"", ""деликатесный""]",1,1,1,1,1,1,1,1,1,1,1,1,0,1
Аннушкина Ферма,Мясо и птица,фуэт,124913,https://svoe-rodnoe.ru/category/syrovyalenaya-kolbasa/2358-45939054-fujet,фуэт,[],1,1,1,1,1,1,1,1,1,1,1,1,1,1
Аннушкина Ферма,Мясо и птица,цыпленок бройлер,5705,https://svoe-rodnoe.ru/category/chicken/2358-8p-cyplenok-brojler,цыплёнок,"[""бройлер""]",1,1,1,1,1,1,1,1,1,1,1,1,0,1
Эко-Еда,Бакалея,икра грибная из белых грибов,11620,https://svoe-rodnoe.ru/category/gribnye-konservy/2461-155-ikra-gribnaja-iz-belyh-gribov,икра,"[""грибной"", ""белый"", ""гриб""]",1,1,1,1,1,1,1,1,1,1,1,1,1,1
Эко-Еда,Бакалея,икра из лесных грибов по-домашнему,11621,https://svoe-rodnoe.ru/category/gribnye-konservy/2461-333-ikra-iz-lesnyh-gribov-po-domashnemu,икра,"[""лесной"", ""гриб"", ""домашний""]",1,1,1,1,1,1,1,1,1,1,1,1,1,1
Эко-Еда,Овощи и фрукты,апельсин сушёный слайсы,11580,https://svoe-rodnoe.ru/category/dried-fruits/2461-297-apel-sin-sushjonyj-slajsy,апельсин,"[""сушёный"", ""слайс""]",1,1,1,1,1,1,1,1,1,1,1,1,0,1
Эко-Еда,Овощи и фрукты,бразильский орех,11584,https://svoe-rodnoe.ru/category/nuts/2461-251-brazil-skij-oreh,орех,"[""бразильский""]",1,1,1,1,1,1,1,1,1,1,1,1,0,1
Эко-Еда,Овощи и фрукты,вишни сушёные (без косточки),11586,https://svoe-rodnoe.ru/category/sushennye-i-vjalennye-jagody/2461-289-vishni-sushjonye-bez-kostochki,вишня,"[""сушёный"", ""косточка""]",0,0,0,0,0,0,1,1,0,0,0,0,0,11
Эко-Еда,Овощи и фрукты,вяленая дыня,11589,https://svoe-rodnoe.ru/category/dried-fruits/2461-252-vjalenaja-dynja,дыня,"[""вяленый""]",1,1,1,1,1,1,1,1,1,1,1,1,0,1
Эко-Еда,Овощи и фрукты,грибы белые замороженные «премиум»,11598,https://svoe-rodnoe.ru/category/griby/2461-148-griby-belye-zamorozhennye-premium,гриб,"[""заморозить"", ""премиум""]",1,1,1,1,1,1,1,1,1,1,1,1,0,1
Эко-Еда,Овощи и фрукты,грибы лисички сушёные измельчённые,11603,https://svoe-rodnoe.ru/category/griby/2461-152-griby-lisichki-sushjonye-izmel-chjonnye,гриб,"[""лисичка"", ""сушёный"", ""измельчить""]",0,0,0,0,0,0,0,1,1,1,0,0,0,10
Эко-Еда,Овощи и фрукты,грибы подосиновики замороженные «экстра»,11604,https://svoe-rodnoe.ru/category/griby/2461-232-griby-podosinoviki-zamorozhennye-jekstra,гриб,"[""подосиновик"", ""заморозить"", ""экстра""]",1,1,1,1,1,1,1,1,1,1,1,1,0,1
Эко-Еда,Овощи и фрукты,грибы подосиновики сушёные «экстра»,11605,https://svoe-rodnoe.ru/category/griby/2461-040-griby-podosinoviki-sushjonye-jekstra,гриб,"[""подосиновик"", ""сушёный"", ""экстра""]",0,0,0,0,0,0,0,1,1,1,0,0,0,10
Эко-Еда,Овощи и фрукты,инжир армянский светлый,11623,https://svoe-rodnoe.ru/category/dried-fruits/2461-286-inzhir-armjanskij-svetlyj,инжир,"[""армянский"", ""светлый""]",1,1,1,1,1,1,1,1,1,1,1,1,0,1
Эко-Еда,Овощи и фрукты,инжир армянский темный (фига смоква),11624,https://svoe-rodnoe.ru/category/dried-fruits/2461-107-inzhir-armjanskij-temnyj-figa-smokva,инжир,"[""армянский"", ""тёмный"", ""фига"", ""смоква""]",1,1,1,1,1,1,1,1,1,1,1,1,0,1
Эко-Еда,Овощи и фрукты,киви сушёные слайсы,11628,https://svoe-rodnoe.ru/category/dried-fruits/2461-299-kivi-sushjonye-slajsy,киви,"[""сушёный"", ""слайс""]",1,1,1,1,1,1,1,1,1,1,1,1,0,1
Эко-Еда,Овощи и фрукты,кишмиш золотистый сояги,11629,https://svoe-rodnoe.ru/category/dried-fruits/2461-258-kishmish-zolotistyj-sojagi,кишмиш,"[""золотистый"", ""сояга""]",1,1,1,1,1,1,1,1,1,1,1,1,0,1
Эко-Еда,Овощи и фрукты,персик сушёный слайсы,11661,https://svoe-rodnoe.ru/category/dried-fruits/2461-320-persik-sushjonyj-slajsy,персик,"[""сушёный"", ""слайс""]",0,0,0,0,0,0,1,1,0,0,0,0,0,11
Эко-Еда,Овощи и фрукты,семена кунжута чёрные,11663,https://svoe-rodnoe.ru/category/nuts/2461-225-semena-kunzhuta-chjornye,семя,"[""кунжут"", ""чёрный""]",1,1,1,1,1,1,1,1,1,1,1,1,0,1
Эко-Еда,Овощи и фрукты,семечки подсолнуха очищенные,11667,https://svoe-rodnoe.ru/category/nuts/2461-223-semechki-podsolnuha-ochischennye,семечко,"[""подсолнух"", ""очистить""]",1,1,1,1,1,1,1,1,1,1,1,1,0,1
Эко-Еда,Овощи и фрукты,солёные грузди белые резаные премиум,1793,https://svoe-rodnoe.ru/category/griby/2461-140-gruzdi-rezanye-premium,груздь,"[""солёный"", ""гриб"", ""резаный"", ""премиум""]",0,0,0,0,0,0,0,1,1,0,0,0,0,11
Эко-Еда,Овощи и фрукты,сушеная груша армянская целая,11679,https://svoe-rodnoe.ru/category/dried-fruits/2461-048-sushenaja-grusha-armjanskaja-celaja,груша,"[""сушёный"", ""армянский"", ""целый""]",1,1,0,0,0,0,0,1,1,1,1,1,0,6
Эко-Еда,Овощи и фрукты,сушёная слива,11681,https://svoe-rodnoe.ru/category/dried-fruits/2461-272-sushjonaja-sliva,слива,"[""сушёный""]",0,0,0,0,0,0,0,1,1,0,0,0,0,11
Эко-Еда,Овощи и фрукты,тутовник белый (шелковица),11686,https://svoe-rodnoe.ru/category/berries/2461-025-tutovnik-belyj-shelkovica,тутовник,"[""белый"", ""шелковица""]",1,1,1,1,1,1,1,1,1,1,1,1,0,1
Эко-Еда,Овощи и фрукты,унаби (зизифус настоящий) кара-даг,11688,https://svoe-rodnoe.ru/category/dried-fruits/2461-212-unabi-zizifus-nastojaschij-kara-dag,унаби,"[""зизифус"", ""настоящий"", ""кара"", ""даг""]",1,1,1,1,1,1,1,1,1,1,1,1,0,1
Эко-Еда,Овощи и фрукты,урюк «горный» (мирсанджелик),11690,https://svoe-rodnoe.ru/category/dried-fruits/2461-180-urjuk-gornyj-mirsandzhelik,урюк,"[""горный"", ""мирсанджелика""]",1,1,1,1,1,1,1,1,1,1,1,1,0,1
Эко-Еда,Овощи и фрукты,финики королевские,11696,https://svoe-rodnoe.ru/category/dried-fruits/2461-106-finiki-korolevskie,финик,"[""королевский""]",1,1,1,1,1,1,1,1,1,1,1,1,0,1
Эко-Еда,Овощи и фрукты,фисташки жареные с шафраном,11699,https://svoe-rodnoe.ru/category/nuts/2461-198-fistashki-zharenye-s-shafranom,фисташка,"[""жареный"", ""шафран""]",1,1,1,1,1,1,1,1,1,1,1,1,0,1
Эко-Еда,Овощи и фрукты,фундук (лесной орех),11706,https://svoe-rodnoe.ru/category/nuts/2461-214-funduk-lesnoj-oreh,фундук,"[""лесной"", ""орех""]",1,1,1,1,1,1,1,1,1,1,1,1,0,1
Эко-Еда,Овощи и фрукты,хурма вяленая слайсы,11708,https://svoe-rodnoe.ru/category/dried-fruits/2461-294-hurma-vjalenaja-slajsy,хурма,"[""вяленый"", ""слайс""]",1,1,1,1,1,1,1,1,1,1,1,1,0,1
Эко-Еда,Овощи и фрукты,черешня сушёная,11709,https://svoe-rodnoe.ru/category/berries/2461-290-chereshnja-sushjonaja,черешня,"[""сушёный""]",0,0,0,0,0,1,1,0,0,0,0,0,0,11
Аннушкина Ферма,Мясо и птица,вырезка свиная охлажденная,36008,https://svoe-rodnoe.ru/category/svinaja-vyrezka/2358-0082-vyrezka-svinaja,вырезка,"[""свиной"", ""охладить""]",1,1,1,1,1,1,1,1,1,1,1,1,0,1
Аннушкина Ферма,Мясо и птица,голень индейки,36004,https://svoe-rodnoe.ru/category/indejka/2358-0078-golen-indejki,голень,"[""индейка""]",1,1,1,1,1,1,1,1,1,1,1,1,0,1
Аннушкина Ферма,Мясо и птица,гусь тушка,36001,https://svoe-rodnoe.ru/category/goose-n-duck/2358-0075-gus-tushka,гусь,"[""тушка""]",0,0,0,0,0,0,0,0,0,0,1,0,0,12
Аннушкина Ферма,Мясо и птица,курица копченая,36112,https://svoe-rodnoe.ru/category/kopchenoe-i-vjalenoe-mjaso/2358-0099-kurica-kopchenaja,курица,"[""копчёный""]",1,1,1,1,1,1,1,1,1,1,1,1,0,1
Аннушкина Ферма,Мясо и птица,"сервелат ""можайский"" с имбирем",36127,https://svoe-rodnoe.ru/category/smoke-dried/2358-0109-servelat-mozhajskij-s-kljukvoj,сервелат,"[""можайский"", ""имбирь""]",1,1,1,1,1,1,1,1,1,1,1,1,0,1
Аннушкина Ферма,Мясо и птица,филе бедра говядина,36103,https://svoe-rodnoe.ru/category/mjakot-govjadiny/2358-0091-file-bedra-govjadina,филе,"[""бедро"", ""говядина""]",1,1,1,1,1,1,1,1,1,1,1,1,0,1
ЛАВАРЕНН БИО,Бакалея,тапенад имбирный,121247,https://svoe-rodnoe.ru/category/butter-sauces/25400-6-tapenad-imbirnyj,тапенада,"[""имбирный""]",1,1,1,1,1,1,1,1,1,1,1,1,1,1
Деликатесы Севера,Рыба и морепродукты,икра омуля слабосоленая,123912,https://svoe-rodnoe.ru/category/caviar/25860-70-ikra-omulja-slabosolenaja,икра,"[""омуль"", ""слабосолёный""]",1,1,1,1,1,1,1,1,1,1,1,1,1,1
Деликатесы Севера,Рыба и морепродукты,ломтики филе омуля подкопченые в масле,123832,https://svoe-rodnoe.ru/category/rybnye-konservy/25860-34-lomtiki-file-omulja-podkopchenye-v-masle,ломтик,"[""филе"", ""омуль"", ""подкопчёный"", ""масло""]",1,1,1,1,1,1,1,1,1,1,1,1,0,1
Деликатесы Севера,Рыба и морепродукты,ломтики филе чира подкопченые в масле,123824,https://svoe-rodnoe.ru/category/rybnye-konservy/25860-26-lomtiki-file-chira-podkopchenye-v-masle,ломтик,"[""филе"", ""чир"", ""подкопчёный"", ""масло""]",1,1,1,1,1,1,1,1,1,1,1,1,0,1
Деликатесы Севера,Рыба и морепродукты,ломтики филе чира слабой соли в масле,123823,https://svoe-rodnoe.ru/category/rybnye-konservy/25860-25-lomtiki-file-chira-slaboj-soli-v-masle,ломтик,"[""филе"", ""чир"", ""слабый"", ""соль"", ""масло""]",1,1,1,1,1,1,1,1,1,1,1,1,0,1
Деликатесы Севера,Рыба и морепродукты,нарезка филе муксуна слабосоленая,123872,https://svoe-rodnoe.ru/category/solenaja-ryba/25860-47-narezka-file-muksuna-slabosolenaja,нарезка,"[""филе"", ""муксун"", ""слабосолёный""]",1,1,1,1,1,1,1,1,1,1,1,1,0,1
Деликатесы Севера,Рыба и морепродукты,нарезка филе омуля слабосоленая,123834,https://svoe-rodnoe.ru/category/solenaja-ryba/25860-36-narezka-file-omulja-slabosolenaja,нарезка,"[""филе"", ""омуль"", ""слабосолёный""]",1,1,1,1,1,1,1,1,1,1,1,1,0,1
Деликатесы Севера,Рыба и морепродукты,стейки нельмы холодного копчения,123880,https://svoe-rodnoe.ru/category/kopchenaja-ryba/25860-51-stejki-nel-my-holodnogo-kopchenija,стейк,"[""нельма"", ""холодное"", ""копчение""]",1,1,1,1,1,1,1,1,1,1,1,1,1,1
Деликатесы Севера,Рыба и морепродукты,сугудай из филе муксуна,123869,https://svoe-rodnoe.ru/category/rybnye-konservy/25860-45-sugudaj-iz-file-muksuna,филе,"[""сугудать"", ""муксун""]",1,1,1,1,1,1,1,1,1,1,1,1,0,1
Деликатесы Севера,Рыба и морепродукты,тушка муксуна непотр. свежемороженая,123864,https://svoe-rodnoe.ru/category/ohlazhdennaja-ryba/25860-42-tushka-muksuna-nepotr-svezhemorozhenaja,тушка,"[""муксун"", ""непотр"", ""свежемороженый""]",1,1,1,1,1,1,1,1,1,1,1,1,0,1
Деликатесы Севера,Рыба и морепродукты,филе муксуна слабосоленое,123861,https://svoe-rodnoe.ru/category/solenaja-ryba/25860-39-file-muksuna-slabosolenoe,филе,"[""муксун"", ""слабосолёный""]",1,1,1,1,1,1,1,1,1,1,1,1,0,1
Деликатесы Севера,Рыба и морепродукты,филе омуля слабосоленое,123827,https://svoe-rodnoe.ru/category/solenaja-ryba/25860-29-file-omulja-slabosolenoe,филе,"[""омуль"", ""слабосолёный""]",1,1,1,1,1,1,1,1,1,1,1,1,0,1
Деликатесы Севера,Рыба и морепродукты,филе омуля холодного копчения,123829,https://svoe-rodnoe.ru/category/kopchenaja-ryba/25860-31-file-omulja-holodnogo-kopchenija,филе,"[""омуль"", ""холодное"", ""копчение""]",1,1,1,1,1,1,1,1,1,1,1,1,0,1
Деликатесы Севера,Рыба и морепродукты,филе (полустейки) нельмы слабосоленые,123878,https://svoe-rodnoe.ru/category/solenaja-ryba/25860-50-file-polustejki-nel-my-slabosolenye,филе,"[""полустейк"", ""нельма"", ""слабосолёный""]",1,1,1,1,1,1,1,1,1,1,1,1,0,1
Эко-Еда,Бакалея,папоротник солёный,11658,https://svoe-rodnoe.ru/category/marinovannaja-i-solenaja/2461-336-paporotnik-soljonyj,папоротник,"[""солёный""]",1,1,1,1,1,1,1,1,1,1,1,1,0,1
Эко-Еда,Бакалея,солёные лисички резаные «премиум»,11675,https://svoe-rodnoe.ru/category/gribnye-konservy/2461-141-soljonye-lisichki-rezanye-premium,лисичка,"[""солёный"", ""резаный"", ""премиум""]",0,0,0,0,0,0,1,1,1,0,0,0,1,10
Эко-Еда,Овощи и фрукты,белые грибы сушёные элитные,1783,https://svoe-rodnoe.ru/category/griby/2461-002-belye-griby-sushjonye-jelitnye,гриб,"[""сушёный"", ""элитный""]",0,0,0,0,0,0,0,1,1,1,0,0,0,10
Эко-Еда,Овощи и фрукты,белые сушёные грибы премиум,1785,https://svoe-rodnoe.ru/category/griby/2461-037-belye-sushjonye-griby-premium,гриб,"[""сушёный"", ""премиум""]",0,0,0,0,0,0,0,1,1,1,0,0,0,10
Эко-Еда,Овощи и фрукты,белые сушёные грибы «стандарт»,11582,https://svoe-rodnoe.ru/category/griby/2461-146-belye-sushjonye-griby-standart,гриб,"[""сушёный"", ""стандарт""]",0,0,0,0,0,0,0,1,1,1,0,0,0,10
Эко-Еда,Овощи и фрукты,груши сушёные,11610,https://svoe-rodnoe.ru/category/dried-fruits/2461-048-grushi-sushjonye,груша,"[""сушёный""]",1,1,0,0,0,0,0,1,1,1,1,1,0,6
Эко-Еда,Овощи и фрукты,кедровые орехи (ядро),11625,https://svoe-rodnoe.ru/category/nuts/2461-221-kedrovye-orehi-jadro,орех,"[""кедровый"", ""ядро""]",1,1,1,1,1,1,1,1,1,1,1,1,0,1
Эко-Еда,Овощи и фрукты,кишмиш чёрный (изюм гибрид с хвостиком),11630,https://svoe-rodnoe.ru/category/dried-fruits/2461-017-kishmish-chjornyj-izjum-gibrid-s-hvostikom,кишмиш,"[""чёрный"", ""изюм"", ""гибрид"", ""хвостик""]",1,1,1,1,1,1,1,1,1,1,1,1,0,1
Эко-Еда,Овощи и фрукты,клюква сушеная,11635,https://svoe-rodnoe.ru/category/sushennye-i-vjalennye-jagody/2461-295-kljukva-sushenaja,клюква,"[""сушёный""]",1,1,1,0,0,0,0,0,1,1,1,1,0,6
Эко-Еда,Овощи и фрукты,косточки абрикоса поджаренные соленные самарканд,11637,https://svoe-rodnoe.ru/category/nuts/2461-006-kostochki-abrikosa-podzharennye-podsolennye-samarkand,косточка,"[""абрикос"", ""поджарить"", ""солить"", ""самарканд""]",1,1,1,1,1,1,1,1,1,1,1,1,0,1
Эко-Еда,Овощи и фрукты,красная слива,11638,https://svoe-rodnoe.ru/category/dried-fruits/2461-287-krasnaja-sliva,слива,"[""красный""]",0,0,0,0,0,0,0,1,1,0,0,0,0,11
Эко-Еда,Овощи и фрукты,лимон сушёный слайсы,11642,https://svoe-rodnoe.ru/category/dried-fruits/2461-296-limon-sushjonyj-slajsy,лимон,"[""сушёный"", ""слайс""]",1,1,1,1,1,1,1,1,1,1,1,1,0,1
Эко-Еда,Овощи и фрукты,лисички соленые экстра,1794,https://svoe-rodnoe.ru/category/griby/2461-063-lisichki-solenye-jekstra,лисичка,"[""солёный"", ""экстра""]",0,0,0,0,0,0,1,1,1,0,0,0,1,10
Эко-Еда,Овощи и фрукты,миндаль «бумажный» (джангуза) жареный,11653,https://svoe-rodnoe.ru/category/nuts/2461-196-mindal-bumazhnyj-dzhanguza-zharenyj,миндаль,"[""бумажный"", ""джангуза"", ""жареный""]",1,1,1,1,1,1,1,1,1,1,1,1,0,1
Эко-Еда,Овощи и фрукты,миндаль (ядра) нежареный,11652,https://svoe-rodnoe.ru/category/nuts/2461-001-mindal-jadra-nezharenyj,миндаль,"[""ядро"", ""нежареный""]",1,1,1,1,1,1,1,1,1,1,1,1,0,1
Эко-Еда,Овощи и фрукты,орехи грецкие очищенные,11657,https://svoe-rodnoe.ru/category/nuts/2461-008-orehi-greckie-ochischennye,орех,"[""грецкий"", ""очистить""]",1,1,1,1,1,1,1,1,1,1,1,1,0,1
Эко-Еда,Овощи и фрукты,персик сушёный армянский,11660,https://svoe-rodnoe.ru/category/dried-fruits/2461-255-persik-sushjonyj-armjanskij,персик,"[""сушёный"", ""армянский""]",0,0,0,0,0,0,1,1,0,0,0,0,0,11
Эко-Еда,Овощи и фрукты,сморчок сушеный конический настоящий,11670,https://svoe-rodnoe.ru/category/griby/2461-269-smorchok-konicheskij-nastojaschij,сморчок,"[""сушёный"", ""конический"", ""настоящий""]",0,0,0,1,1,0,0,0,0,0,0,0,1,11
Эко-Еда,Овощи и фрукты,соленые белые экстра,1790,https://svoe-rodnoe.ru/category/griby/2461-234-solenye-belye-jekstra,гриб,"[""солёный"", ""экстра""]",0,0,0,0,0,0,0,1,1,1,0,0,0,10
Эко-Еда,Овощи и фрукты,сушёная сморчковая шапочка «стандарт»,11683,https://svoe-rodnoe.ru/category/griby/2461-268-sushjonaja-smorchkovaja-shapochka-standart,шапочка,"[""сушёный"", ""сморчковый"", ""стандарт""]",1,1,1,1,1,1,1,1,1,1,1,1,0,1
Эко-Еда,Овощи и фрукты,унаби (зизифус настоящий) китайский,11689,https://svoe-rodnoe.ru/category/dried-fruits/2461-332-unabi-zizifus-nastojaschij-kitajskij,унаби,"[""зизифус"", ""настоящий"", ""китайский""]",1,1,1,1,1,1,1,1,1,1,1,1,0,1
Эко-Еда,Овощи и фрукты,урюк армянский,11692,https://svoe-rodnoe.ru/category/dried-fruits/2461-265-urjuk-armjanskij,урюк,"[""армянский""]",1,1,1,1,1,1,1,1,1,1,1,1,0,1
Эко-Еда,Овощи и фрукты,урюк «кандак»,11691,https://svoe-rodnoe.ru/category/dried-fruits/2461-023-urjuk-kandak,урюк,"[""кандак""]",1,1,1,1,1,1,1,1,1,1,1,1,0,1
Эко-Еда,Овощи и фрукты,фисташки жареные солёные,11700,https://svoe-rodnoe.ru/category/nuts/2461-086-fistashki-zharenye-soljonye,фисташка,"[""жареный"", ""солёный""]",1,1,1,1,1,1,1,1,1,1,1,1,0,1
Эко-Еда,Овощи и фрукты,фисташки сушёные,11701,https://svoe-rodnoe.ru/category/nuts/2461-197-fistashki-sushjonye,фисташка,"[""сушёный""]",1,1,1,1,1,1,1,1,1,1,1,1,0,1
Эко-Еда,Овощи и фрукты,хурма вяленая,11707,https://svoe-rodnoe.ru/category/dried-fruits/2461-256-hurma-vjalenaja,хурма,"[""вяленый""]",1,1,1,1,1,1,1,1,1,1,1,1,0,1
Эко-Еда,Бакалея,вяленые томаты в  масле,11591,https://svoe-rodnoe.ru/category/ovoschi-konservirovannye/2461-335-vjalenye-tomaty-v-masle,помидор,"[""вяленый"", ""масло""]",1,1,1,1,1,1,1,1,1,1,1,1,0,1
Эко-Еда,Овощи и фрукты,чернослив слайсы,11713,https://svoe-rodnoe.ru/category/dried-fruits/2461-319-chernosliv-slajsy,чернослив,"[""слайс""]",1,1,1,1,1,1,1,1,1,1,1,1,0,1
Эко-Еда,Бакалея,икра грибная ассорти,11619,https://svoe-rodnoe.ru/category/gribnye-konservy/2461-156-ikra-gribnaja-assorti,икра,"[""грибной"", ""ассорти""]",1,1,1,1,1,1,1,1,1,1,1,1,1,1
Эко-Еда,Овощи и фрукты,абрикосовые косточки сушёные (ядра),11577,https://svoe-rodnoe.ru/category/nuts/2461-177-abrikosovye-kostochki-sushjonye-jadra,косточка,"[""абрикосовый"", ""сушёный"", ""ядро""]",1,1,1,1,1,1,1,1,1,1,1,1,0,1
Эко-Еда,Овощи и фрукты,апельсин красный сушёный слайсы,11579,https://svoe-rodnoe.ru/category/dried-fruits/2461-298-apel-sin-krasnyj-sushjonyj-slajsy,апельсин,"[""красный"", ""сушёный"", ""слайс""]",1,1,1,1,1,1,1,1,1,1,1,1,0,1
Эко-Еда,Овощи и фрукты,боярышник,11583,https://svoe-rodnoe.ru/category/berries/2461-231-bojaryshnik,боярышник,[],1,1,1,0,0,0,0,0,1,1,1,1,0,6
Эко-Еда,Овощи и фрукты,брусника сушеная,11585,https://svoe-rodnoe.ru/category/berries/2461-273-brusnika-sushenaja,брусника,"[""сушёный""]",1,1,1,0,0,0,0,0,1,1,1,1,0,6
Эко-Еда,Овощи и фрукты,грибной порошок из подосиновиков сушёных,11596,https://svoe-rodnoe.ru/category/griby/2461-261-gribnoj-poroshok-iz-podosinovikov-sushjonyh,порошок,"[""грибной"", ""подосиновик"", ""сушёный""]",1,1,1,1,1,1,1,1,1,1,1,1,0,1
Эко-Еда,Овощи и фрукты,грибной порошок из сморчковой шапочки,11597,https://svoe-rodnoe.ru/category/griby/2461-284-gribnoj-poroshok-iz-smorchkovoj-shapochki,порошок,"[""грибной"", ""сморчковый"", ""шапочка""]",1,1,1,1,1,1,1,1,1,1,1,1,0,1
Эко-Еда,Овощи и фрукты,грибы чёрные лисички сушёные,11606,https://svoe-rodnoe.ru/category/griby/2461-270-griby-chjornye-lisichki-sushjonye,гриб,"[""чёрный"", ""лисичка"", ""сушёный""]",0,0,0,0,0,0,0,1,1,1,0,0,0,10
Эко-Еда,Овощи и фрукты,груша дичка копчёная,11607,https://svoe-rodnoe.ru/category/dried-fruits/2461-316-grusha-dichka-kopchjonaja,груша,"[""дичок"", ""копчёный""]",1,1,0,0,0,0,0,1,1,1,1,1,0,6
Эко-Еда,Овощи и фрукты,груша садовая копчёная,11608,https://svoe-rodnoe.ru/category/dried-fruits/2461-325-grusha-sadovaja-kopchjonaja,груша,"[""садовый"", ""копчёный""]",1,1,0,0,0,0,0,1,1,1,1,1,0,6
Эко-Еда,Овощи и фрукты,груши армянские половинки,11609,https://svoe-rodnoe.ru/category/dried-fruits/2461-277-grushi-armjanskie-polovinki,груша,"[""армянский"", ""половинка""]",1,1,0,0,0,0,0,1,1,1,1,1,0,6
Эко-Еда,Овощи и фрукты,измельчённые сушёные белые грибы,11617,https://svoe-rodnoe.ru/category/griby/2461-262-izmel-chjonnye-sushjonye-belye-griby,гриб,"[""измельчить"", ""сушёный""]",0,0,0,0,0,0,0,1,1,1,0,0,0,10
Эко-Еда,Овощи и фрукты,клубника сушеная слайсы,11634,https://svoe-rodnoe.ru/category/berries/2461-276-klubnika-sushenaja-slajsy,клубника,"[""сушёный"", ""слайс""]",0,0,0,0,0,1,1,0,0,0,0,0,0,11
Эко-Еда,Овощи и фрукты,курага  армянская,11639,https://svoe-rodnoe.ru/category/dried-fruits/2461-265-kuraga-armjanskaja,курага,"[""армянский""]",1,1,1,1,1,1,1,1,1,1,1,1,0,1
Эко-Еда,Овощи и фрукты,маслята соленые резаные премиум,1795,https://svoe-rodnoe.ru/category/griby/2461-137-masljata-solenye-rezanye-premium,маслёнок,"[""солёный"", ""резаный"", ""премиум""]",0,0,0,0,0,0,1,1,1,0,0,0,0,10
Эко-Еда,Овощи и фрукты,орех пекан,11656,https://svoe-rodnoe.ru/category/nuts/2461-164-oreh-pekan,орех,"[""пекан""]",1,1,1,1,1,1,1,1,1,1,1,1,0,1
Эко-Еда,Овощи и фрукты,семена чиа белые,11665,https://svoe-rodnoe.ru/category/nuts/2461-291-semena-chia-belye,семя,"[""чиа"", ""гриб""]",1,1,1,1,1,1,1,1,1,1,1,1,0,1
Эко-Еда,Овощи и фрукты,семена чиа черные,11666,https://svoe-rodnoe.ru/category/nuts/2461-292-semena-chia-chernye,семя,"[""чиа"", ""чёрный""]",1,1,1,1,1,1,1,1,1,1,1,1,0,1
Эко-Еда,Овощи и фрукты,семечки тыквенные очищенные,11668,https://svoe-rodnoe.ru/category/nuts/2461-226-semechki-tykvennye-ochischennye,семечко,"[""тыквенный"", ""очистить""]",1,1,1,1,1,1,1,1,1,1,1,1,0,1
Эко-Еда,Овощи и фрукты,соленые белые грибы резаные премиум,1792,https://svoe-rodnoe.ru/category/griby/2461-131-solenye-belye-griby-rezanye-premium,гриб,"[""солёный"", ""резаный"", ""премиум""]",0,0,0,0,0,0,0,1,1,1,0,0,0,10
Эко-Еда,Овощи и фрукты,сухие подосиновики премиум,1786,https://svoe-rodnoe.ru/category/griby/2461-079-suhie-podosinoviki-premium,подосиновик,"[""сухой"", ""премиум""]",0,0,0,0,0,0,0,1,1,0,0,0,0,11
Эко-Еда,Овощи и фрукты,сушеные моховики экстра,1789,https://svoe-rodnoe.ru/category/griby/2461-45-sushenye-mohoviki-jekstra,моховик,"[""сушёный"", ""экстра""]",0,0,0,0,0,0,1,1,1,0,0,0,0,10
Эко-Еда,Овощи и фрукты,сушёная сморчковая шапочка «премиум»,11682,https://svoe-rodnoe.ru/category/griby/2461-081-sushjonaja-smorchkovaja-shapochka-premium,шапочка,"[""сушёный"", ""сморчковый"", ""премиум""]",1,1,1,1,1,1,1,1,1,1,1,1,0,1
Эко-Еда,Овощи и фрукты,тутовник чёрный (шелковица),11687,https://svoe-rodnoe.ru/category/berries/2461-253-tutovnik-chjornyj-shelkovica,тутовник,"[""чёрный"", ""шелковица""]",1,1,1,1,1,1,1,1,1,1,1,1,0,1
Эко-Еда,Овощи и фрукты,финики аджва,11695,https://svoe-rodnoe.ru/category/dried-fruits/2461-337-finiki-adzhva,финик,"[""аджва""]",1,1,1,1,1,1,1,1,1,1,1,1,0,1
Эко-Еда,Овощи и фрукты,финики суккари,11697,https://svoe-rodnoe.ru/category/dried-fruits/2461-338-finiki-sukkari,финик,"[""суккарий""]",1,1,1,1,1,1,1,1,1,1,1,1,0,1
Эко-Еда,Овощи и фрукты,чернослив без косточки (высший сорт),11711,https://svoe-rodnoe.ru/category/dried-fruits/2461-014-chernosliv-bez-kostochki-vysshij-sort,чернослив,"[""косточка"", ""высокий"", ""сорт""]",1,1,1,1,1,1,1,1,1,1,1,1,0,1
Эко-Еда,Овощи и фрукты,чернослив с косточкой,11712,https://svoe-rodnoe.ru/category/dried-fruits/2461-116-chernosliv-s-kostochkoj,чернослив,"[""косточка""]",1,1,1,1,1,1,1,1,1,1,1,1,0,1
Эко-Еда,Овощи и фрукты,ягоды годжи сушеные,11720,https://svoe-rodnoe.ru/category/sushennye-i-vjalennye-jagody/2461-326-jagody-godzhi-sushenye,ягода,"[""годжи"", ""сушёный""]",1,1,1,1,1,1,1,1,1,1,1,1,0,1
Деликатесы Севера,Рыба и морепродукты,нарезка филе нельмы холодного копчения,123890,https://svoe-rodnoe.ru/category/kopchenaja-ryba/25860-60-narezka-file-nel-my-holodnogo-kopchenija,нарезка,"[""филе"", ""нельма"", ""холодное"", ""копчение""]",1,1,1,1,1,1,1,1,1,1,1,1,0,1
Деликатесы Севера,Рыба и морепродукты,нарезка филе омуля холодного копчения,123830,https://svoe-rodnoe.ru/category/kopchenaja-ryba/25860-32-narezka-file-omulja-holodnogo-kopchenija,нарезка,"[""филе"", ""омуль"", ""холодное"", ""копчение""]",1,1,1,1,1,1,1,1,1,1,1,1,0,1
Деликатесы Севера,Рыба и морепродукты,стейки нельмы свежемороженые,123889,https://svoe-rodnoe.ru/category/ohlazhdennaja-ryba/25860-59-stejki-nel-my-svezhemorozhenye,стейк,"[""нельма"", ""свежемороженый""]",1,1,1,1,1,1,1,1,1,1,1,1,1,1
Деликатесы Севера,Рыба и морепродукты,тушка муксуна потрошеная холодного копчения,123862,https://svoe-rodnoe.ru/category/kopchenaja-ryba/25860-40-tushka-muksuna-potroshenaja-holodnogo-kopchenija,тушка,"[""муксун"", ""потрошёный"", ""холодное"", ""копчение""]",1,1,1,1,1,1,1,1,1,1,1,1,0,1
Деликатесы Севера,Рыба и морепродукты,тушка нельмы непотрошеная свежемороженая,123883,https://svoe-rodnoe.ru/category/ohlazhdennaja-ryba/25860-53-tushka-nel-my-nepotroshenaja-svezhemorozhenaja,тушка,"[""нельма"", ""непотрошёный"", ""свежемороженый""]",1,1,1,1,1,1,1,1,1,1,1,1,0,1
Деликатесы Севера,Рыба и морепродукты,тушка омуля потрошеная слабосоленая,123835,https://svoe-rodnoe.ru/category/solenaja-ryba/25860-37-tushka-omulja-potroshenaja-slabosolenaja,тушка,"[""омуль"", ""потрошёный"", ""слабосолёный""]",1,1,1,1,1,1,1,1,1,1,1,1,0,1
Деликатесы Севера,Рыба и морепродукты,тушка чира потрошеная слабосоленая,123826,https://svoe-rodnoe.ru/category/solenaja-ryba/25860-28-tushka-chira-potroshenaja-slabosolenaja,тушка,"[""чир"", ""потрошёный"", ""слабосолёный""]",1,1,1,1,1,1,1,1,1,1,1,1,0,1
Деликатесы Севера,Рыба и морепродукты,филе муксуна холодного копчения,123863,https://svoe-rodnoe.ru/category/kopchenaja-ryba/25860-41-file-muksuna-holodnogo-kopchenija,филе,"[""муксун"", ""холодное"", ""копчение""]",1,1,1,1,1,1,1,1,1,1,1,1,0,1
Деликатесы Севера,Рыба и морепродукты,филе (полустейки) нельмы холодного копчения,123881,https://svoe-rodnoe.ru/category/kopchenaja-ryba/25860-52-file-polustejki-nel-my-holodnogo-kopchenija,филе,"[""полустейк"", ""нельма"", ""холодное"", ""копчение""]",1,1,1,1,1,1,1,1,1,1,1,1,0,1
Деликатесы Севера,Рыба и морепродукты,филе чира слабосоленое,123819,https://svoe-rodnoe.ru/category/solenaja-ryba/25860-22-file-chira-slabosolenoe,филе,"[""чир"", ""слабосолёный""]",1,1,1,1,1,1,1,1,1,1,1,1,0,1
ULUCKY,Бакалея,соус песто классический,126095,https://svoe-rodnoe.ru/category/pesto/26366-s07-sous-pesto-klassicheskij,соус,"[""песто"", ""классический""]",1,1,1,1,1,1,1,1,1,1,1,1,0,1
ULUCKY,Бакалея,соус песто тыквенный,126098,https://svoe-rodnoe.ru/category/pesto/26366-s9-sous-pesto-tykvennyj,соус,"[""песто"", ""тыквенный""]",1,1,1,1,1,1,1,1,1,1,1,1,0,1
Улитки Солнечных Холмов,Рыба и морепродукты,"улитки солнечных холмов ""ассорти""",125896,https://svoe-rodnoe.ru/category/mjaso-ulitok/26431-ak12-ulitki-solnechnyh-holmov-assorti,улитка,"[""солнечный"", ""холм"", ""ассорти""]",1,1,1,1,1,1,1,1,1,1,1,1,1,1
Улитки Солнечных Холмов,Рыба и морепродукты,"улитки ""с пряными травами и чесноком""",125893,https://svoe-rodnoe.ru/category/mjaso-ulitok/26431-bk12-ulitki-s-prjanymi-travami-i-chesnokom,улитка,"[""пряный"", ""трава"", ""чеснок""]",1,1,1,1,1,1,1,1,1,1,1,1,1,1
ULUCKY,Бакалея,соус песто чили,126099,https://svoe-rodnoe.ru/category/pesto/26366-s10-sous-pesto-chili,соус,"[""песто"", ""чили""]",1,1,1,1,1,1,1,1,1,1,1,1,0,1
ЛАВАРЕНН БИО,Бакалея,тапенад классический,121236,https://svoe-rodnoe.ru/category/butter-sauces/25400-5-tapenad-klassicheskij,тапенада,"[""классический""]",1,1,1,1,1,1,1,1,1,1,1,1,1,1
Моллюска | гастроном морской кухни|,Рыба и морепродукты,дорадо,128244,https://svoe-rodnoe.ru/category/ohlazhdennaja-ryba/27105-010-dorado,дорад,"[""дорад""]",1,1,1,1,1,1,1,1,1,1,1,1,0,1
Моллюска | гастроном морской кухни|,Рыба и морепродукты,икра горбуши,135858,https://svoe-rodnoe.ru/category/krasnaja-ikra/27105-27105-27105-035-ikra-gorbushi,икра,"[""горбуша""]",1,1,1,1,1,1,1,1,1,1,1,1,1,1
Моллюска | гастроном морской кухни|,Рыба и морепродукты,икра кеты,135897,https://svoe-rodnoe.ru/category/krasnaja-ikra/27105-27105-27105-042-ikra-kety,икра,"[""кета""]",1,1,1,1,1,1,1,1,1,1,1,1,1,1
Моллюска | гастроном морской кухни|,Рыба и морепродукты,краб волосатик,128145,https://svoe-rodnoe.ru/category/kraby/27105-001-krab-volosatik,краб,"[""волосатик""]",1,1,1,1,1,1,1,1,1,1,1,1,1,1
Моллюска | гастроном морской кухни|,Рыба и морепродукты,креветки с/м,136091,https://svoe-rodnoe.ru/category/krevetki/27105-21705-21705-045-krevetki-s-m,креветка,"[""м""]",1,1,1,1,1,1,1,1,1,1,1,1,0,1
Моллюска | гастроном морской кухни|,Рыба и морепродукты,мясо краба камчасткого,132634,https://svoe-rodnoe.ru/category/kraby/27105-028-mjaso-kraba-kamchastkogo,мясо,"[""краб"", ""камчасткий""]",1,1,1,1,1,1,1,1,1,1,1,1,0,1
Моллюска | гастроном морской кухни|,Рыба и морепродукты,печень трески натуральная,132631,https://svoe-rodnoe.ru/category/rybnye-konservy/27105-025-pechen-treski-natural-naja,печень,"[""треск"", ""натуральный""]",1,1,1,1,1,1,1,1,1,1,1,1,0,1
Моллюска | гастроном морской кухни|,Рыба и морепродукты,роза камчатского краба,136615,https://svoe-rodnoe.ru/category/kraby/27105-21705-21705-059-roza-kamchatskogo-kraba,роза,"[""камчатский"", ""краб""]",1,1,1,1,1,1,1,1,1,1,1,1,0,1
Моллюска | гастроном морской кухни|,Рыба и морепродукты,сибас,128240,https://svoe-rodnoe.ru/category/ohlazhdennaja-ryba/27105-008-sibas,сибас,[],1,1,1,1,1,1,1,1,1,1,1,1,1,1
Моллюска | гастроном морской кухни|,Рыба и морепродукты,устрица розовая джоли,128410,https://svoe-rodnoe.ru/category/drugie-moreprodukty/27105-016-ustrica-rozovaja-dzholi,устрица,"[""розовый"", ""джоля""]",1,1,1,1,1,1,1,1,1,1,1,1,1,1
РХ Дикая Калуга,Рыба и морепродукты,осетр холодного копчения нарезка,142168,https://svoe-rodnoe.ru/category/kopchenaja-ryba/27149-007-osetr-holodnogo-kopchenija-narezka,осётр,"[""холодное"", ""копчение"", ""нарезка""]",1,1,1,1,1,1,1,1,1,1,1,1,1,1
РХ Дикая Калуга,Рыба и морепродукты,осётр потрошеный свежемороженый,163467,https://svoe-rodnoe.ru/category/fresh-fish/27149-00022-osjotr-potroshenyj-svezhemorozhenyj,осётр,"[""потрошёный"", ""свежемороженый""]",1,1,1,1,1,1,1,1,1,1,1,1,1,1
Мясной дом Ерёминский,Мясо и птица,ветчина из курицы и индейки варёно-копчёная,128661,https://svoe-rodnoe.ru/category/vetchina/27222-mde0006-vetchina-iz-kuricy-i-indejki-varjono-kopchjonaja,ветчина,"[""курица"", ""индейка"", ""варёный"", ""копчёный""]",1,1,1,1,1,1,1,1,1,1,1,1,0,1
Мясной дом Ерёминский,Мясо и птица,"вяленое мясо ""дядя джерк"" говядина 70 грамм",136738,https://svoe-rodnoe.ru/category/kopchenoe-i-vjalenoe-mjaso/27222-ddvmg70-vjalenoe-mjaso-djadja-dzherk-govjadina-70-gramm,мясо,"[""вяленый"", ""дядя"", ""джерк"", ""говядина"", ""грамм""]",1,1,1,1,1,1,1,1,1,1,1,1,0,1
Мясной дом Ерёминский,Мясо и птица,"вяленое мясо ""дядя джерк"" индейка 40 грамм",136771,https://svoe-rodnoe.ru/category/kopchenoe-i-vjalenoe-mjaso/27222-ddvmi40-vjalenoe-mjaso-djadja-dzherk-indejka-40-gramm,мясо,"[""вяленый"", ""дядя"", ""джерк"", ""индейка"", ""грамм""]",1,1,1,1,1,1,1,1,1,1,1,1,0,1
Мясной дом Ерёминский,Мясо и птица,"вяленое мясо ""дядя джерк"" курица 40 грамм",136773,https://svoe-rodnoe.ru/category/kopchenoe-i-vjalenoe-mjaso/27222-ddvmk40-vjalenoe-mjaso-djadja-dzherk-kurica-40-gramm,мясо,"[""вяленый"", ""дядя"", ""джерк"", ""курица"", ""грамм""]",1,1,1,1,1,1,1,1,1,1,1,1,0,1
Мясной дом Ерёминский,Мясо и птица,"вяленое мясо ""дядя джерк"" курица 70 грамм",136775,https://svoe-rodnoe.ru/category/kopchenoe-i-vjalenoe-mjaso/27222-ddvmk70-vjalenoe-mjaso-djadja-dzherk-kurica-70-gramm,мясо,"[""вяленый"", ""дядя"", ""джерк"", ""курица"", ""грамм""]",1,1,1,1,1,1,1,1,1,1,1,1,0,1
Мясной дом Ерёминский,Мясо и птица,"вяленое мясо ""дядя джерк"" свинина 500 гр.",128699,https://svoe-rodnoe.ru/category/kopchenoe-i-vjalenoe-mjaso/27222-dd0004-vjalenoe-mjaso-djadja-dzherk-svinina-500-gr,мясо,"[""вяленый"", ""дядя"", ""джерк"", ""свинина""]",1,1,1,1,1,1,1,1,1,1,1,1,0,1
Мясной дом Ерёминский,Мясо и птица,грудинка свиная варёно-копчёная,128664,https://svoe-rodnoe.ru/category/kopchenoe-i-vjalenoe-mjaso/27222-mde0007-grudinka-svinaja-varjono-kopchjonaja,грудинка,"[""свиной"", ""варёный"", ""копчёный""]",1,1,1,1,1,1,1,1,1,1,1,1,0,1
Мясной дом Ерёминский,Мясо и птица,"корейка на кости ""ерёминская"" варёно-копчёная",128666,https://svoe-rodnoe.ru/category/kopchenoe-i-vjalenoe-mjaso/27222-mde0008-korejka-na-kosti-erjominskaja-varjono-kopchjonaja,корейка,"[""кость"", ""ерёминский"", ""варёный"", ""копчёный""]",1,1,1,1,1,1,1,1,1,1,1,1,0,1
Мясной дом Ерёминский,Мясо и птица,окорочок куриный варёно-копчёный,140998,https://svoe-rodnoe.ru/category/kopchenoe-i-vjalenoe-mjaso/27222-0044-okorochok-kurinyj-varjono-kopchjonyj,окорочок,"[""куриный"", ""варёный"", ""копчёный""]",1,1,1,1,1,1,1,1,1,1,1,1,0,1
Мясной дом Ерёминский,Мясо и птица,"рулька свиная варёно-копчёная ""ерёминская""",128502,https://svoe-rodnoe.ru/category/kopchenoe-i-vjalenoe-mjaso/27222-mde0002-rul-ka-svinaja-varjono-kopchjonaja-erjominskaja,рулька,"[""свиной"", ""варёный"", ""копчёный"", ""ерёминский""]",1,1,1,1,1,1,1,1,1,1,1,1,0,1
Мясной дом Ерёминский,Мясо и птица,сало прессованное,140994,https://svoe-rodnoe.ru/category/salo/27222-0041-salo-pressovannoe,сало,"[""прессовать""]",1,1,1,1,1,1,1,1,1,1,1,1,0,1
Мясной дом Ерёминский,Мясо и птица,сало слабосоленое,137323,https://svoe-rodnoe.ru/category/salo/27222-mdess-salo-slabosolenoe,сало,"[""слабосолёный""]",1,1,1,1,1,1,1,1,1,1,1,1,0,1
Мясной дом Ерёминский,Мясо и птица,филе утиной грудки варено-копченое,141002,https://svoe-rodnoe.ru/category/kopchenoe-i-vjalenoe-mjaso/27222-0048-file-utinoj-grudki-vareno-kopchenoe,филе,"[""утиный"", ""грудка"", ""варить"", ""копчёный""]",1,1,1,1,1,1,1,1,1,1,1,1,0,1
Моллюска | гастроном морской кухни|,Рыба и морепродукты,жилардо,129364,https://svoe-rodnoe.ru/category/drugie-moreprodukty/27105-020-zhilardo,жилардо,[],1,1,1,1,1,1,1,1,1,1,1,1,1,1
Моллюска | гастроном морской кухни|,Рыба и морепродукты,икра нерки,135865,https://svoe-rodnoe.ru/category/krasnaja-ikra/27105-27105-27105-038-ikra-nerki,икра,"[""нерка""]",1,1,1,1,1,1,1,1,1,1,1,1,1,1
Моллюска | гастроном морской кухни|,Рыба и морепродукты,клешни камчатского краба l4,128235,https://svoe-rodnoe.ru/category/kraby/27105-006-kleshni-kamchatskogo-kraba-l4,клешня,"[""камчатский"", ""краб"", ""l""]",1,1,1,1,1,1,1,1,1,1,1,1,0,1
Моллюска | гастроном морской кухни|,Рыба и морепродукты,осьминог,136088,https://svoe-rodnoe.ru/category/drugie-moreprodukty/27105-21705-27105-044-os-minog,осьминог,[],1,1,1,1,1,1,1,1,1,1,1,1,1,1
Моллюска | гастроном морской кухни|,Рыба и морепродукты,тигровые креветки,136972,https://svoe-rodnoe.ru/category/krevetki/27105-21705-21705-061-tigrovye-krevetki,креветка,"[""тигровый""]",1,1,1,1,1,1,1,1,1,1,1,1,0,1
Моллюска | гастроном морской кухни|,Рыба и морепродукты,угорь в соусе унаги,136228,https://svoe-rodnoe.ru/category/fish-kits/27105-21705-21705-053-ugor-v-souse-unagi,угорь,"[""соус"", ""унагой""]",1,1,1,1,1,1,1,1,1,1,1,1,1,1
"КФХ ""Клишинское подворье""",Мясо и птица,козлятина,162554,https://svoe-rodnoe.ru/category/kozljatina/27572-010-kozljatina,козлятина,[],1,1,1,1,1,1,1,1,1,1,1,1,1,1
"КФХ ""Клишинское подворье""",Мясо и птица,тушка кролика,162511,https://svoe-rodnoe.ru/category/krolik/27572-002-tushka-krolika,тушка,"[""кролик""]",1,1,1,1,1,1,1,1,1,1,1,1,0,1
"КФХ ""Клишинское подворье""",Мясо и птица,тушка петушка домашнего,162524,https://svoe-rodnoe.ru/category/chicken/27572-004-tushka-petushka-domashnego,тушка,"[""петушок"", ""домашний""]",1,1,1,1,1,1,1,1,1,1,1,1,0,1
РХ Дикая Калуга,Рыба и морепродукты,осетр холодного копчения,142167,https://svoe-rodnoe.ru/category/kopchenaja-ryba/27149-006-osetr-holodnogo-kopchenija,осётр,"[""холодное"", ""копчение""]",1,1,1,1,1,1,1,1,1,1,1,1,1,1
РХ Дикая Калуга,Рыба и морепродукты,свежий осетр,138506,https://svoe-rodnoe.ru/category/fresh-fish/27149-001-svezhij-osetr,осётр,"[""свежий""]",1,1,1,1,1,1,1,1,1,1,1,1,1,1
Мясной дом Ерёминский,Мясо и птица,"ветчина ""ерёминская"" из свинины",140990,https://svoe-rodnoe.ru/category/vetchina/27222-0037-vetchina-erjominskaja-iz-svininy,ветчина,"[""ерёминский"", ""свинин""]",1,1,1,1,1,1,1,1,1,1,1,1,0,1
Мясной дом Ерёминский,Мясо и птица,крылья куриные варёно-копчёные,140996,https://svoe-rodnoe.ru/category/kopchenoe-i-vjalenoe-mjaso/27222-0043-kryl-ja-kurinye-varjono-kopchjonye,крыло,"[""куриный"", ""варёный"", ""копчёный""]",1,1,1,1,1,1,1,1,1,1,1,1,0,1
Мясной дом Ерёминский,Мясо и птица,рёбра свиные варёно-копчёные,128697,https://svoe-rodnoe.ru/category/kopchenoe-i-vjalenoe-mjaso/27222-mde0013-rjobra-svinye-varjono-kopchjonye,ребро,"[""свиной"", ""варёный"", ""копчёный""]",1,1,1,1,1,1,1,1,1,1,1,1,0,1
Мясной дом Ерёминский,Мясо и птица,филе утиной грудки вяленое,141003,https://svoe-rodnoe.ru/category/kopchenoe-i-vjalenoe-mjaso/27222-0049-file-utinoj-grudki-vjalenoe,филе,"[""утиный"", ""грудка"", ""вяленый""]",1,1,1,1,1,1,1,1,1,1,1,1,0,1
Мясной дом Ерёминский,Мясо и птица,"язык говяжий ""по-купечески""",141000,https://svoe-rodnoe.ru/category/kopchenoe-i-vjalenoe-mjaso/27222-0046-jazyk-govjazhij-po-kupecheski,язык,"[""говяжий"", ""купечески""]",1,1,1,1,1,1,1,1,1,1,1,1,0,1
"КФХ ""Клишинское подворье""",Мясо и птица,грудка индейки,162526,https://svoe-rodnoe.ru/category/indejka/27572-006-grudka-indejki,грудка,"[""индейка""]",1,1,1,1,1,1,1,1,1,1,1,1,0,1
"КФХ ""Клишинское подворье""",Мясо и птица,окорочка индейки,162545,https://svoe-rodnoe.ru/category/indejka/27572-007-okorochka-indejki,окорочка,"[""индейка""]",1,1,1,1,1,1,1,1,1,1,1,1,0,1
"КФХ ""Клишинское подворье""",Мясо и птица,тушка бройлера домашнего,162521,https://svoe-rodnoe.ru/category/chicken/27572-003-tushka-brojlera-domashnego,тушка,"[""бройлер"", ""домашний""]",1,1,1,1,1,1,1,1,1,1,1,1,0,1
Деликатесы Севера,Рыба и морепродукты,ломтики филе муксуна слабой соли в масле,123866,https://svoe-rodnoe.ru/category/rybnye-konservy/25860-43-lomtiki-file-muksuna-slaboj-soli-v-masle,ломтик,"[""филе"", ""муксун"", ""слабый"", ""соль"", ""масло""]",1,1,1,1,1,1,1,1,1,1,1,1,0,1
Деликатесы Севера,Рыба и морепродукты,ломтики филе нельмы подкопченые в масле,123885,https://svoe-rodnoe.ru/category/rybnye-konservy/25860-55-lomtiki-file-nel-my-podkopchenye-v-masle,ломтик,"[""филе"", ""нельма"", ""подкопчёный"", ""масло""]",1,1,1,1,1,1,1,1,1,1,1,1,0,1
Деликатесы Севера,Рыба и морепродукты,ломтики филе нельмы слабой соли в масле,123884,https://svoe-rodnoe.ru/category/rybnye-konservy/25860-54-lomtiki-file-nel-my-slaboj-soli-v-masle,ломтик,"[""филе"", ""нельма"", ""слабый"", ""соль"", ""масло""]",1,1,1,1,1,1,1,1,1,1,1,1,0,1
Деликатесы Севера,Рыба и морепродукты,нарезка филе муксуна холодного копчения,123870,https://svoe-rodnoe.ru/category/kopchenaja-ryba/25860-46-narezka-file-muksuna-holodnogo-kopchenija,нарезка,"[""филе"", ""муксун"", ""холодное"", ""копчение""]",1,1,1,1,1,1,1,1,1,1,1,1,0,1
Мануфактура поповыхЪ,Бакалея,жмых из семечек белого кунжута 500 г,168421,https://svoe-rodnoe.ru/category/muka/27941-1200002-zhmyh-iz-semechek-belogo-kunzhuta,жмых,"[""семечко"", ""белый"", ""кунжут""]",1,1,1,1,1,1,1,1,1,1,1,1,0,1
Деликатесы Севера,Рыба и морепродукты,нарезка филе нельмы слабосоленой,123875,https://svoe-rodnoe.ru/category/solenaja-ryba/25860-48-narezka-file-nel-my-slabosolenoj,нарезка,"[""филе"", ""нельма"", ""слабосолёный""]",1,1,1,1,1,1,1,1,1,1,1,1,0,1
Деликатесы Севера,Рыба и морепродукты,сугудай из филе омуля,123833,https://svoe-rodnoe.ru/category/rybnye-konservy/25860-35-sugudaj-iz-file-omulja,филе,"[""сугудать"", ""омуль""]",1,1,1,1,1,1,1,1,1,1,1,1,0,1
Деликатесы Севера,Рыба и морепродукты,тушка муксуна потрошеная слабосоленая,123860,https://svoe-rodnoe.ru/category/solenaja-ryba/25860-38-tushka-muksuna-potroshenaja-slabosolenaja,тушка,"[""муксун"", ""потрошёный"", ""слабосолёный""]",1,1,1,1,1,1,1,1,1,1,1,1,0,1
Деликатесы Севера,Рыба и морепродукты,ломтики филе муксуна подкопченые в масле,123867,https://svoe-rodnoe.ru/category/rybnye-konservy/25860-44-lomtiki-file-muksuna-podkopchenye-v-masle,ломтик,"[""филе"", ""муксун"", ""подкопчёный"", ""масло""]",1,1,1,1,1,1,1,1,1,1,1,1,0,1
Деликатесы Севера,Рыба и морепродукты,тушка омуля потрошеная холодного копчения,123828,https://svoe-rodnoe.ru/category/kopchenaja-ryba/25860-30-tushka-omulja-potroshenaja-holodnogo-kopchenija,тушка,"[""омуль"", ""потрошёный"", ""холодное"", ""копчение""]",1,1,1,1,1,1,1,1,1,1,1,1,0,1
Деликатесы Севера,Рыба и морепродукты,тушка чира потрошеная холодного копчения,123820,https://svoe-rodnoe.ru/category/kopchenaja-ryba/25860-23-tushka-chira-potroshenaja-holodnogo-kopchenija,тушка,"[""чир"", ""потрошёный"", ""холодное"", ""копчение""]",1,1,1,1,1,1,1,1,1,1,1,1,0,1
Деликатесы Севера,Рыба и морепродукты,ломтики филе омуля слабой соли в масле,123831,https://svoe-rodnoe.ru/category/rybnye-konservy/25860-33-lomtiki-file-omulja-slaboj-soli-v-masle,ломтик,"[""филе"", ""омуль"", ""слабый"", ""соль"", ""масло""]",1,1,1,1,1,1,1,1,1,1,1,1,0,1
Деликатесы Севера,Рыба и морепродукты,стейки нельмы слабосоленые,123887,https://svoe-rodnoe.ru/category/solenaja-ryba/25860-57-stejki-nel-my-slabosolenye,стейк,"[""нельма"", ""слабосолёный""]",1,1,1,1,1,1,1,1,1,1,1,1,1,1
Деликатесы Севера,Рыба и морепродукты,сугудай из филе нельмы,123886,https://svoe-rodnoe.ru/category/rybnye-konservy/25860-56-sugudaj-iz-file-nel-my,филе,"[""сугудать"", ""нельма""]",1,1,1,1,1,1,1,1,1,1,1,1,0,1
Деликатесы Севера,Рыба и морепродукты,сугудай из филе чира,123825,https://svoe-rodnoe.ru/category/rybnye-konservy/25860-27-sugudaj-iz-file-chira,филе,"[""сугудать"", ""чир""]",1,1,1,1,1,1,1,1,1,1,1,1,0,1
Деликатесы Севера,Рыба и морепродукты,тушка нельмы потрошеная слабосоленая,123888,https://svoe-rodnoe.ru/category/solenaja-ryba/25860-58-tushka-nel-my-potroshenaja-slabosolenaja,тушка,"[""нельма"", ""потрошёный"", ""слабосолёный""]",1,1,1,1,1,1,1,1,1,1,1,1,0,1
Деликатесы Севера,Рыба и морепродукты,филе чира холодного копчения,123821,https://svoe-rodnoe.ru/category/kopchenaja-ryba/25860-24-file-chira-holodnogo-kopchenija,филе,"[""чир"", ""холодное"", ""копчение""]",1,1,1,1,1,1,1,1,1,1,1,1,0,1
Мануфактура поповыхЪ,Бакалея,смесь семечек для салата 600 г,168740,https://svoe-rodnoe.ru/category/superfudy-i-semena/27941-1400006-smes-semechek-dlja-salata-600,смесь,"[""семечко"", ""салат""]",1,1,1,1,1,1,1,1,1,1,1,1,0,1
Слобода Кутариных,Мясо и птица,"куриные чипcы ""джерки""",132199,https://svoe-rodnoe.ru/category/kopchenoe-i-vjalenoe-mjaso/28120-28121-kurinye-chipcy-dzherki,чипсы,"[""куриный"", ""джёрка""]",1,1,1,1,1,1,1,1,1,1,1,1,0,1
ULUCKY,Бакалея,майонез домашний,126107,https://svoe-rodnoe.ru/category/mayo/26366-s30-majonez-domashnij,майонез,"[""домашний""]",1,1,1,1,1,1,1,1,1,1,1,1,0,1
ULUCKY,Бакалея,соус песто вяленый томат,126097,https://svoe-rodnoe.ru/category/pesto/26366-s08-sous-pesto-vjalenyj-tomat,соус,"[""песто"", ""вяленый"", ""помидор""]",1,1,1,1,1,1,1,1,1,1,1,1,0,1
Улитки Солнечных Холмов,Рыба и морепродукты,"улитки ""с грецким орехом и базиликом""",125894,https://svoe-rodnoe.ru/category/mjaso-ulitok/26431-ok12-ulitki-s-greckim-orehom-i-bazilikom,улитка,"[""грецкий"", ""орех"", ""базилик""]",1,1,1,1,1,1,1,1,1,1,1,1,1,1
ULUCKY,Бакалея,соус песто классический без чеснока,126115,https://svoe-rodnoe.ru/category/pesto/26366-s21-sous-pesto-klassicheskij-bez-chesnoka,соус,"[""песто"", ""классический"", ""чеснок""]",1,1,1,1,1,1,1,1,1,1,1,1,0,1
Моллюска | гастроном морской кухни|,Рыба и морепродукты,касабланка,128955,https://svoe-rodnoe.ru/category/drugie-moreprodukty/27105-018-kasablanka,касабланка,[],1,1,1,1,1,1,1,1,1,1,1,1,0,1
Моллюска | гастроном морской кухни|,Рыба и морепродукты,креветка аргентина,128147,https://svoe-rodnoe.ru/category/krevetki/27105-002-krevetka-argentina,креветка,"[""аргентина""]",1,1,1,1,1,1,1,1,1,1,1,1,0,1
Моллюска | гастроном морской кухни|,Рыба и морепродукты,ледяная рыба,128245,https://svoe-rodnoe.ru/category/ohlazhdennaja-ryba/27105-011-ledjanaja-ryba,рыба,"[""ледяной""]",1,1,1,1,1,1,1,1,1,1,1,1,0,1
Моллюска | гастроном морской кухни|,Рыба и морепродукты,мидии,128175,https://svoe-rodnoe.ru/category/midii/27105-004-midii,мидия,[],1,1,1,1,1,1,1,1,1,1,1,1,1,1
Моллюска | гастроном морской кухни|,Рыба и морепродукты,морской гребешок с/м вакуум,132310,https://svoe-rodnoe.ru/category/drugie-moreprodukty/27105-023-morskoj-grebeshok-s-m-vakuum,гребешок,"[""морской"", ""м"", ""вакуум""]",1,1,1,1,1,1,1,1,1,1,1,1,1,1
Моллюска | гастроном морской кухни|,Рыба и морепродукты,муроцу,128654,https://svoe-rodnoe.ru/category/drugie-moreprodukty/27105-017-murocu,муроца,[],1,1,1,1,1,1,1,1,1,1,1,1,0,1
Моллюска | гастроном морской кухни|,Рыба и морепродукты,семга с/с без кожи,137009,https://svoe-rodnoe.ru/category/solenaja-ryba/27105-21705-21705-065-semga-s-s-bez-kozhi,сёмга,"[""кожа""]",1,1,1,1,1,1,1,1,1,1,1,1,1,1
Моллюска | гастроном морской кухни|,Рыба и морепродукты,семга с/с на коже,136988,https://svoe-rodnoe.ru/category/solenaja-ryba/27105-21705-21705-064-semga-s-s-na-kozhe,сёмга,"[""кожа""]",1,1,1,1,1,1,1,1,1,1,1,1,1,1
Моллюска | гастроном морской кухни|,Рыба и морепродукты,тунец желтоперый полоски,128358,https://svoe-rodnoe.ru/category/fresh-fish/27105-013-tunec-zheltoperyj-poloski,тунец,"[""желтопёрый"", ""полоска""]",1,1,1,1,1,1,1,1,1,1,1,1,1,1
Моллюска | гастроном морской кухни|,Рыба и морепродукты,форель с/с,137018,https://svoe-rodnoe.ru/category/solenaja-ryba/27105-21705-21705-066-forel-s-s,форель,[],1,1,1,1,1,1,1,1,1,1,1,1,1,1
Моллюска | гастроном морской кухни|,Рыба и морепродукты,хасанская,129362,https://svoe-rodnoe.ru/category/drugie-moreprodukty/27105-019-hasanskaja,хасанский,"[""хасанский""]",1,1,1,1,1,1,1,1,1,1,1,1,1,1
Моллюска | гастроном морской кухни|,Рыба и морепродукты,далькреветка,128373,https://svoe-rodnoe.ru/category/krevetki/27105-014-dal-krevetka,далькреветка,[],1,1,1,1,1,1,1,1,1,1,1,1,0,1
Моллюска | гастроном морской кухни|,Рыба и морепродукты,кальмар коммандорский,136249,https://svoe-rodnoe.ru/category/drugie-moreprodukty/27105-21705-21705-055-kal-mar-kommandorskij,кальмар,"[""коммандорский""]",1,1,1,1,1,1,1,1,1,1,1,1,0,1
Моллюска | гастроном морской кухни|,Рыба и морепродукты,клешни камчатского краба l3,128237,https://svoe-rodnoe.ru/category/kraby/27105-007-kleshni-kamchatskogo-kraba-l3,клешня,"[""камчатский"", ""краб"", ""l""]",1,1,1,1,1,1,1,1,1,1,1,1,0,1
Моллюска | гастроном морской кухни|,Рыба и морепродукты,клешни колючего краба,128232,https://svoe-rodnoe.ru/category/kraby/27105-005-kleshni-koljuchego-kraba,клешня,"[""колючий"", ""краб""]",1,1,1,1,1,1,1,1,1,1,1,1,0,1
Моллюска | гастроном морской кухни|,Рыба и морепродукты,крабики - мини,137030,https://svoe-rodnoe.ru/category/kraby/27105-21705-21705-067-krabiki-mini,крабик,"[""минь""]",1,1,1,1,1,1,1,1,1,1,1,1,1,1
Моллюска | гастроном морской кухни|,Рыба и морепродукты,креветка ваннамей б/г 16/20,132311,https://svoe-rodnoe.ru/category/krevetki/27105-024-krevetka-vannamej-b-g-16-20,креветка,"[""ваннаметь""]",1,1,1,1,1,1,1,1,1,1,1,1,0,1
РХ Дикая Калуга,Рыба и морепродукты,стейк из осетра,138539,https://svoe-rodnoe.ru/category/ryba/27149-002-stejk-iz-osetra,стейк,"[""осётр""]",1,1,1,1,1,1,1,1,1,1,1,1,1,1
Моллюска | гастроном морской кухни|,Рыба и морепродукты,креветки,136098,https://svoe-rodnoe.ru/category/krevetki/27105-21705-21705-046-krevetki,креветка,[],1,1,1,1,1,1,1,1,1,1,1,1,0,1
Моллюска | гастроном морской кухни|,Рыба и морепродукты,мидии премиум класса на створках,136241,https://svoe-rodnoe.ru/category/midii/27105-21705-21705-054-midii-premium-klassa-na-stvorkah,мидия,"[""премиум"", ""класс"", ""створка""]",1,1,1,1,1,1,1,1,1,1,1,1,1,1
Моллюска | гастроном морской кухни|,Рыба и морепродукты,морской гребешок на створке с/м,132309,https://svoe-rodnoe.ru/category/drugie-moreprodukty/27105-022-morskoj-grebeshok-na-stvorke-s-m,гребешок,"[""морской"", ""створка"", ""м""]",1,1,1,1,1,1,1,1,1,1,1,1,1,1
Мясной дом Ерёминский,Мясо и птица,"ветчина ""праздничная"" из трёх видов мяса",154610,https://svoe-rodnoe.ru/category/sausage/27222-mdevp-vetchina-prazdnichnaja-iz-trjoh-vidov-mjasa,ветчина,"[""праздничный"", ""три"", ""вид"", ""мясо""]",1,1,1,1,1,1,1,1,1,1,1,1,0,1
Моллюска | гастроном морской кухни|,Рыба и морепродукты,семга,136984,https://svoe-rodnoe.ru/category/fresh-fish/27105-21705-21705-063-semga,сёмга,[],1,1,1,1,1,1,1,1,1,1,1,1,1,1
Моллюска | гастроном морской кухни|,Рыба и морепродукты,спинка трески,136613,https://svoe-rodnoe.ru/category/fresh-fish/27105-21705-21705-057-spinka-treski,спинка,"[""треск""]",1,1,1,1,1,1,1,1,1,1,1,1,0,1
Моллюска | гастроном морской кухни|,Рыба и морепродукты,тунец,128361,https://svoe-rodnoe.ru/category/fresh-fish/27105-012-tunec,тунец,[],1,1,1,1,1,1,1,1,1,1,1,1,1,1
Моллюска | гастроном морской кухни|,Рыба и морепродукты,тунец лоин,128346,https://svoe-rodnoe.ru/category/fresh-fish/27105-009-tunec-loin,тунец,"[""лоин""]",1,1,1,1,1,1,1,1,1,1,1,1,1,1
Мясной дом Ерёминский,Мясо и птица,"вяленое мясо ""дядя джерк"" говядина  500 гр",128693,https://svoe-rodnoe.ru/category/kopchenoe-i-vjalenoe-mjaso/27222-dd0002-vjalenoe-mjaso-djadja-dzherk-govjadina,мясо,"[""вяленый"", ""дядя"", ""джерк"", ""говядина""]",1,1,1,1,1,1,1,1,1,1,1,1,0,1
Мясной дом Ерёминский,Мясо и птица,"вяленое мясо ""дядя джерк"" индейка 500 гр.",128700,https://svoe-rodnoe.ru/category/kopchenoe-i-vjalenoe-mjaso/27222-dd0005-vjalenoe-mjaso-djadja-dzherk-indejka-500-gr,мясо,"[""вяленый"", ""дядя"", ""джерк"", ""индейка""]",1,1,1,1,1,1,1,1,1,1,1,1,0,1
Мясной дом Ерёминский,Мясо и птица,"вяленое мясо ""дядя джерк"" курица 500 гр.",128702,https://svoe-rodnoe.ru/category/kopchenoe-i-vjalenoe-mjaso/27222-dd0006-vjalenoe-mjaso-djadja-dzherk-kurica-500-gr,мясо,"[""вяленый"", ""дядя"", ""джерк"", ""курица""]",1,1,1,1,1,1,1,1,1,1,1,1,0,1
Мясной дом Ерёминский,Мясо и птица,"вяленое мясо ""дядя джерк"" свинина 40 грамм",136745,https://svoe-rodnoe.ru/category/kopchenoe-i-vjalenoe-mjaso/27222-vmdds40-vjalenoe-mjaso-djadja-dzherk-svinina-40-gramm,мясо,"[""вяленый"", ""дядя"", ""джерк"", ""свинина"", ""грамм""]",1,1,1,1,1,1,1,1,1,1,1,1,0,1
Моллюска | гастроном морской кухни|,Рыба и морепродукты,улитка виноградная фаршированная по-бургундски,128400,https://svoe-rodnoe.ru/category/mjaso-ulitok/27105-015-ulitka-vinogradnaja-farshirovannaja-po-burgundski,улитка,"[""виноградный"", ""фаршированный"", ""бургундски""]",1,1,1,1,1,1,1,1,1,1,1,1,1,1
Моллюска | гастроном морской кухни|,Рыба и морепродукты,филе трески,136614,https://svoe-rodnoe.ru/category/fresh-fish/27105-21705-21705-058-file-treski,филе,"[""треск""]",1,1,1,1,1,1,1,1,1,1,1,1,0,1
Мясной дом Ерёминский,Мясо и птица,голень индейки варёно-копчёное,141001,https://svoe-rodnoe.ru/category/kopchenoe-i-vjalenoe-mjaso/27222-0047-golen-indejki-varjono-kopchjonoe,голень,"[""индейка"", ""варёный"", ""копчёный""]",1,1,1,1,1,1,1,1,1,1,1,1,0,1
Мясной дом Ерёминский,Мясо и птица,"грудинка свиная ""панчетта"" варёно-копчёная",128688,https://svoe-rodnoe.ru/category/kopchenoe-i-vjalenoe-mjaso/27222-mde0011-grudinka-svinaja-panchetta-varjono-kopchjonaja,грудинка,"[""свиной"", ""панчетта"", ""варёный"", ""копчёный""]",1,1,1,1,1,1,1,1,1,1,1,1,0,1
Мясной дом Ерёминский,Мясо и птица,грудинка свиная соленая,140991,https://svoe-rodnoe.ru/category/grudinka-svinaja/27222-0038-grudinka-svinaja-solenaja,грудинка,"[""свиной"", ""солёный""]",1,1,1,1,1,1,1,1,1,1,1,1,0,1
Мясной дом Ерёминский,Мясо и птица,"окорок свиной ""ерёминский"" варёно-копчёный",128670,https://svoe-rodnoe.ru/category/kopchenoe-i-vjalenoe-mjaso/27222-mde0009-okorok-svinoj-erjominskij-varjono-kopchjonyj,окорка,"[""свиной"", ""ерёминский"", ""варёный"", ""копчёный""]",1,1,1,1,1,1,1,1,1,1,1,1,0,1
Мясной дом Ерёминский,Мясо и птица,сало бутербродное,140993,https://svoe-rodnoe.ru/category/salo/27222-0040-salo-buterbrodnoe,сало,"[""бутербродный""]",1,1,1,1,1,1,1,1,1,1,1,1,0,1
Мясной дом Ерёминский,Мясо и птица,филе куриное с черносливом варёно-копчёное,135994,https://svoe-rodnoe.ru/category/kopchenoe-i-vjalenoe-mjaso/27222-mdefkchs-file-kurinoe-s-chernoslivom-varjono-kopchjonoe,филе,"[""куриный"", ""чернослив"", ""варёный"", ""копчёный""]",1,1,1,1,1,1,1,1,1,1,1,1,0,1
РХ Дикая Калуга,Рыба и морепродукты,колушка распашная (осетр горячего копчения),138561,https://svoe-rodnoe.ru/category/ryba/27149-005-kolushka-raspashnaja-osetr-gorjachego-kopchenija,колушко,"[""распашной"", ""осётр"", ""горячее"", ""копчение""]",1,1,1,1,1,1,1,1,1,1,1,1,0,1
Мясной дом Ерёминский,Мясо и птица,"вяленое мясо ""дядя джерк"" говядина 40 грамм",136732,https://svoe-rodnoe.ru/category/kopchenoe-i-vjalenoe-mjaso/27222-ddvmg40-vjalenoe-mjaso-djadja-dzherk-govjadina-40-gramm,мясо,"[""вяленый"", ""дядя"", ""джерк"", ""говядина"", ""грамм""]",1,1,1,1,1,1,1,1,1,1,1,1,0,1
Мясной дом Ерёминский,Мясо и птица,"вяленое мясо ""дядя джерк"" индейка 70 грамм",136772,https://svoe-rodnoe.ru/category/kopchenoe-i-vjalenoe-mjaso/27222-ddvmi70-vjalenoe-mjaso-djadja-dzherk-indejka-70-gramm,мясо,"[""вяленый"", ""дядя"", ""джерк"", ""индейка"", ""грамм""]",1,1,1,1,1,1,1,1,1,1,1,1,0,1
Мясной дом Ерёминский,Мясо и птица,"вяленое мясо ""дядя джерк"" свинина 70 грамм",136757,https://svoe-rodnoe.ru/category/kopchenoe-i-vjalenoe-mjaso/27222-ddvms70-vjalenoe-mjaso-djadja-dzherk-svinina-70-gramm,мясо,"[""вяленый"", ""дядя"", ""джерк"", ""свинина"", ""грамм""]",1,1,1,1,1,1,1,1,1,1,1,1,0,1
Мясной дом Ерёминский,Мясо и птица,карпаччо из куриной грудки,140995,https://svoe-rodnoe.ru/category/kopchenoe-i-vjalenoe-mjaso/27222-0042-karpachcho-iz-kurinoj-grudki,карпаччо,"[""куриный"", ""грудка""]",1,1,1,1,1,1,1,1,1,1,1,1,1,1
Мясной дом Ерёминский,Мясо и птица,"карпаччо из куриной грудки ""ерёминское"" вяленое",128689,https://svoe-rodnoe.ru/category/kopchenoe-i-vjalenoe-mjaso/27222-mde0012-karpachcho-iz-kurinoj-grudki-erjominskoe-vjalenoe,карпаччо,"[""куриный"", ""грудка"", ""ерёминский"", ""вяленый""]",1,1,1,1,1,1,1,1,1,1,1,1,1,1
Мясной дом Ерёминский,Мясо и птица,"филе куриной грудки ""ерёминское"" варёно-копчёное",128680,https://svoe-rodnoe.ru/category/kopchenoe-i-vjalenoe-mjaso/27222-mde0010-file-kurinoj-grudki-erjominskoe-varjono-kopchjonoe,филе,"[""куриный"", ""грудка"", ""ерёминский"", ""варёный"", ""копчёный""]",1,1,1,1,1,1,1,1,1,1,1,1,0,1
Мясной дом Ерёминский,Мясо и птица,цыпленок корнишон варёно-копчёный,140999,https://svoe-rodnoe.ru/category/kopchenoe-i-vjalenoe-mjaso/27222-0045-cyplenok-kornishon-varjono-kopchjonyj,цыплёнок,"[""корнишон"", ""варёный"", ""копчёный""]",1,1,1,1,1,1,1,1,1,1,1,1,0,1
Мясной дом Ерёминский,Мясо и птица,шея свиная варёно-копчёная,140992,https://svoe-rodnoe.ru/category/kopchenoe-i-vjalenoe-mjaso/27222-0039-sheja-svinaja-varjono-kopchjonaja,шея,"[""свиной"", ""варёный"", ""копчёный""]",1,1,1,1,1,1,1,1,1,1,1,1,0,1
"КФХ ""Клишинское подворье""",Мясо и птица,индюшка тушка,162525,https://svoe-rodnoe.ru/category/indejka/27572-005-indjushka-tushka,индюшка,"[""тушка""]",1,1,1,1,1,1,1,1,1,1,1,1,0,1
"КФХ ""Клишинское подворье""",Мясо и птица,спинки индейки,162547,https://svoe-rodnoe.ru/category/indejka/27572-008-spinki-i-sheja-indejki,спинка,"[""индейка""]",1,1,1,1,1,1,1,1,1,1,1,1,0,1
"КФХ ""Клишинское подворье""",Мясо и птица,тушка утки,162552,https://svoe-rodnoe.ru/category/utka/27572-009-tushka-utki,тушка,"[""утка""]",1,1,1,1,1,1,1,1,1,1,1,1,0,1
Мануфактура поповыхЪ,Бакалея,жмых тыквенных семечек 500 г,132385,https://svoe-rodnoe.ru/category/muka/27941-11000011-zhmyh-tykvennyj-obezzhirennyj,жмых,"[""тыквенный"", ""семечко""]",1,1,1,1,1,1,1,1,1,1,1,1,0,1
Ramon,Мясо и птица,вяленая голень индейки в нарезку,143443,https://svoe-rodnoe.ru/category/kopchenoe-i-vjalenoe-mjaso/30140-30140-0031-vjalenaja-golen-indejki-v-narezku,голень,"[""вяленый"", ""индейка"", ""нарезка""]",1,1,1,1,1,1,1,1,1,1,1,1,0,1
Ramon,Мясо и птица,хамон нога,141498,https://svoe-rodnoe.ru/category/kopchenoe-i-vjalenoe-mjaso/30140-005-hamon-noga,хамон,"[""нога""]",1,1,1,1,1,1,1,1,1,1,1,1,1,1
Ramon,Мясо и птица,lomo,141324,https://svoe-rodnoe.ru/category/kopchenoe-i-vjalenoe-mjaso/30140-003-polendvica,lomo,"[""lomo""]",1,1,1,1,1,1,1,1,1,1,1,1,1,1
Ramon,Мясо и птица,вяленая ножка индейки на подставке,141325,https://svoe-rodnoe.ru/category/kopchenoe-i-vjalenoe-mjaso/30140-002-vjalenaja-nozhka-indejki,ножка,"[""вяленый"", ""индейка"", ""подставка""]",1,1,1,1,1,1,1,1,1,1,1,1,0,1
Ramon,Мясо и птица,копиколла,141323,https://svoe-rodnoe.ru/category/kopchenoe-i-vjalenoe-mjaso/30140-004-kopikolla,копиколл,[],1,1,1,1,1,1,1,1,1,1,1,1,0,1
Ramon,Мясо и птица,хамон ramon,141322,https://svoe-rodnoe.ru/category/kopchenoe-i-vjalenoe-mjaso/30140-001-hamon-ramon,хамон,"[""ramon""]",1,1,1,1,1,1,1,1,1,1,1,1,1,1
Ramon,Мясо и птица,хамон,158790,https://svoe-rodnoe.ru/category/kopchenoe-i-vjalenoe-mjaso/30140-30140-06-hamon,хамон,[],1,1,1,1,1,1,1,1,1,1,1,1,1,1
ЛерЛен,Бакалея,лайм,153416,https://svoe-rodnoe.ru/category/dried-fruits/33984-0025-lajm,лайм,[],1,1,1,1,1,1,1,1,1,1,1,1,0,1
ЛерЛен,Бакалея,питахайя,153430,https://svoe-rodnoe.ru/category/chipsy-i-sneki/33984-0032-pitahajja,питахайя,[],1,1,1,1,1,1,1,1,1,1,1,1,0,1
ЛерЛен,Бакалея,томат со специями,153449,https://svoe-rodnoe.ru/category/dried-fruits/33984-0040-tomat-so-specijami,помидор,"[""специя""]",0,0,0,0,0,0,1,1,1,0,0,0,0,10
ЛерЛен,Овощи и фрукты,"апельсин без кожуры, 100 г.",151011,https://svoe-rodnoe.ru/category/dried-fruits/33984-0013-apel-sin-bez-kozhury-100-g,апельсин,"[""кожура""]",1,1,1,1,1,1,1,1,1,1,1,1,0,1
ЛерЛен,Овощи и фрукты,"апельсин с кожурой, 50 г.",151013,https://svoe-rodnoe.ru/category/dried-fruits/33984-0015-apel-sin-s-kozhuroj-50-g,апельсин,"[""кожура""]",1,1,1,1,1,1,1,1,1,1,1,1,0,1
ЛерЛен,Овощи и фрукты,арбуз,153420,https://svoe-rodnoe.ru/category/dried-fruits/33984-0027-arbuz,арбуз,[],0,0,0,0,0,0,0,1,1,0,0,0,0,11
ЛерЛен,Овощи и фрукты,"хурма, 100 г.",151010,https://svoe-rodnoe.ru/category/dried-fruits/33984-0012-hurma-100-g,хурма,[],1,1,1,1,1,1,1,1,1,1,1,1,0,1
ЛерЛен,Овощи и фрукты,"хурма, 50 г.",151009,https://svoe-rodnoe.ru/category/dried-fruits/33984-0011-hurma-50-g,хурма,[],1,1,1,1,1,1,1,1,1,1,1,1,0,1
ЛерЛен,Овощи и фрукты,шампиньоны,153452,https://svoe-rodnoe.ru/category/griby/33984-0042-shampin-ony,шампиньон,[],1,1,1,1,1,1,1,1,1,1,1,1,0,1
Прокоптим,Мясо и птица,ветчина говяжья,159187,https://svoe-rodnoe.ru/category/vetchina/35082-0006-vetchina-govjazh-ja,ветчина,"[""говяжий""]",1,1,1,1,1,1,1,1,1,1,1,1,0,1
Прокоптим,Мясо и птица,кнуты (говядина),159189,https://svoe-rodnoe.ru/category/syrokopchenaya-kolbasa/35082-0007-knuty-govjadina,кнут,"[""говядина""]",1,1,1,1,1,1,1,1,1,1,1,1,0,1
Прокоптим,Мясо и птица,окорок (с/к),160415,https://svoe-rodnoe.ru/category/mjasnye-delikatesy/35082-00015-okorok-s-k,окорка,[],1,1,1,1,1,1,1,1,1,1,1,1,0,1
Прокоптим,Мясо и птица,ветчина свиная,154332,https://svoe-rodnoe.ru/category/kopchenoe-i-vjalenoe-mjaso/35082-004-vetchina-svinaja,ветчина,"[""свиной""]",1,1,1,1,1,1,1,1,1,1,1,1,0,1
Прокоптим,Мясо и птица,карбонат (с/к),160413,https://svoe-rodnoe.ru/category/mjasnye-delikatesy/35082-000013-karbonat-s-k,карбонат,[],1,1,1,1,1,1,1,1,1,1,1,1,0,1
Прокоптим,Мясо и птица,нога (баранина) (к/в),160411,https://svoe-rodnoe.ru/category/mutton/35082-00011-noga-baranina-k-v,нога,"[""баранина""]",1,1,1,1,1,1,1,1,1,1,1,1,0,1
Мясо Тут ,Мясо и птица,азу из говядины,154472,https://svoe-rodnoe.ru/category/govjazh-ja-vyrezka/35301-001-azu-iz-govjadiny,азу,"[""говядина""]",1,1,1,1,1,1,1,1,1,1,1,1,0,1
Мясо Тут ,Мясо и птица,филе грудки индейки,154487,https://svoe-rodnoe.ru/category/indejka/35301-010-file-grudki-indejki,филе,"[""грудка"", ""индейка""]",1,1,1,1,1,1,1,1,1,1,1,1,0,1
Торговый дом Слоенычъ,Заморозка,"круассан с вишней, п/ф",156917,https://svoe-rodnoe.ru/category/zamorozhennaja-vypechka/35736-0030-kruassan-s-vishnej-p-f,круассан,"[""вишня"", ""п"", ""ф""]",1,1,1,1,1,1,1,1,1,1,1,1,0,1
Торговый дом Слоенычъ,Заморозка,"круассан с миндальной начинкой, п/ф",156915,https://svoe-rodnoe.ru/category/zamorozhennaja-vypechka/35736-0028-kruassan-s-mindal-noj-nachinkoj-p-f,круассан,"[""миндальный"", ""начинка"", ""п"", ""ф""]",1,1,1,1,1,1,1,1,1,1,1,1,0,1
Торговый дом Слоенычъ,Заморозка,"круассан  без начинки мини, п/ф",156910,https://svoe-rodnoe.ru/category/zamorozhennaja-vypechka/35736-0026-kruassan-bez-nachinki-mini-p-f,круассан,"[""начинка"", ""минь"", ""п"", ""ф""]",1,1,1,1,1,1,1,1,1,1,1,1,0,1
Торговый дом Слоенычъ,Заморозка,"круассан  без начинки, п/ф",156909,https://svoe-rodnoe.ru/category/zamorozhennaja-vypechka/35736-0025-kruassan-bez-nachinki-p-f,круассан,"[""начинка"", ""п"", ""ф""]",1,1,1,1,1,1,1,1,1,1,1,1,0,1
ЛерЛен,Бакалея,манго,153426,https://svoe-rodnoe.ru/category/dried-fruits/33984-0029-mango,манго,[],1,1,1,1,1,1,1,1,1,1,1,1,0,1
ЛерЛен,Мясо и птица,мясные джерки из курицы,153454,https://svoe-rodnoe.ru/category/kopchenoe-i-vjalenoe-mjaso/33984-0044-mjasnye-dzherki-iz-kuricy,джёрка,"[""мясной"", ""курица""]",1,1,1,1,1,1,1,1,1,1,1,1,0,1
ЛерЛен,Овощи и фрукты,"апельсин без кожуры, 50 г.",151012,https://svoe-rodnoe.ru/category/dried-fruits/33984-00014-apel-sin-bez-kozhury-50-g,апельсин,"[""кожура""]",1,1,1,1,1,1,1,1,1,1,1,1,0,1
ЛерЛен,Овощи и фрукты,"апельсин красный, 50 г.",151015,https://svoe-rodnoe.ru/category/dried-fruits/33984-0017-apel-sin-krasnyj-50-g,апельсин,"[""красный""]",1,1,1,1,1,1,1,1,1,1,1,1,0,1
ДивноВар,Бакалея,"""земляничный улун""",151445,https://svoe-rodnoe.ru/category/zelenyj-chaj/34418-4tea457-zemljanichnyj-ulun,улуна,"[""земляничный""]",1,1,1,1,1,1,1,1,1,1,1,1,0,1
"Фермерские сыры ""Сырная Деревня""",Заморозка,долма «баранина» (категория а),152208,https://svoe-rodnoe.ru/category/golubcy/34608-0014-dolma-baranina-kategorija-a,баранина,"[""долма"", ""категория""]",1,1,1,1,1,1,1,1,1,1,1,1,0,1
ЛерЛен,Овощи и фрукты,"апельсин красный, 100 г.",151016,https://svoe-rodnoe.ru/category/dried-fruits/33984-0018-apel-sin-krasnyj-100-g,апельсин,"[""красный""]",1,1,1,1,1,1,1,1,1,1,1,1,0,1
ЛерЛен,Овощи и фрукты,"апельсин с кожурой, 100 г.",151014,https://svoe-rodnoe.ru/category/dried-fruits/33984-00016-apel-sin-s-kozhuroj-100-g,апельсин,"[""кожура""]",1,1,1,1,1,1,1,1,1,1,1,1,0,1
Дон Джулио Селект,Мясо и птица,петто ди анатра,159156,https://svoe-rodnoe.ru/category/kopchenoe-i-vjalenoe-mjaso/36437-0021-petto-di-anatra,петто,"[""анатр""]",1,1,1,1,1,1,1,1,1,1,1,1,1,1
Прокоптим,Мясо и птица,карпачо,160410,https://svoe-rodnoe.ru/category/kopchenoe-i-vjalenoe-mjaso/35082-00010-karpacho,карпачо,[],1,1,1,1,1,1,1,1,1,1,1,1,0,1
Прокоптим,Мясо и птица,шея,154330,https://svoe-rodnoe.ru/category/kopchenoe-i-vjalenoe-mjaso/35082-002-sheja,шея,[],1,1,1,1,1,1,1,1,1,1,1,1,0,1
Дон Джулио Селект,Бакалея,песто верде,159151,https://svoe-rodnoe.ru/category/pesto/36437-0016-pesto-verde,песто,"[""верде""]",1,1,1,1,1,1,1,1,1,1,1,1,1,1
Дон Джулио Селект,Мясо и птица,прошутто,159148,https://svoe-rodnoe.ru/category/kopchenoe-i-vjalenoe-mjaso/36437-0013-proshutto,прошутто,[],1,1,1,1,1,1,1,1,1,1,1,1,1,1
Мясо Тут ,Мясо и птица,баранина копченая,154489,https://svoe-rodnoe.ru/category/kopchenoe-i-vjalenoe-mjaso/35301-012-baranina-kopchenaja,баранина,"[""копчёный""]",1,1,1,1,1,1,1,1,1,1,1,1,0,1
Мясо Тут ,Мясо и птица,говядина,154480,https://svoe-rodnoe.ru/category/file-govjadiny/35301-006-govjadina,говядина,[],1,1,1,1,1,1,1,1,1,1,1,1,0,1
Мясо Тут ,Мясо и птица,купаты из говядины,154486,https://svoe-rodnoe.ru/category/sosiski-i-sardel-ki/35301-009-kupaty-iz-govjadiny,купат,"[""говядина""]",1,1,1,1,1,1,1,1,1,1,1,1,0,1
Мясо Тут ,Мясо и птица,филе бедра индейки,154488,https://svoe-rodnoe.ru/category/indejka/35301-011-file-bedra-indejki,филе,"[""бедро"", ""индейка""]",1,1,1,1,1,1,1,1,1,1,1,1,0,1
Прокоптим,Мясо и птица,ветчина куриная,154331,https://svoe-rodnoe.ru/category/kopchenoe-i-vjalenoe-mjaso/35082-003-vetchina-kurinaja,ветчина,"[""куриный""]",1,1,1,1,1,1,1,1,1,1,1,1,0,1
Прокоптим,Мясо и птица,грудинка (к/в),160412,https://svoe-rodnoe.ru/category/kopchenoe-i-vjalenoe-mjaso/35082-00012-grudinka-k-v,грудинка,[],1,1,1,1,1,1,1,1,1,1,1,1,0,1
Прокоптим,Мясо и птица,джерки свинина,159213,https://svoe-rodnoe.ru/category/kopchenoe-i-vjalenoe-mjaso/35082-0009-dzherki-svinina,джёрка,"[""свинина""]",1,1,1,1,1,1,1,1,1,1,1,1,0,1
Прокоптим,Мясо и птица,сало (с/к),160414,https://svoe-rodnoe.ru/category/salo/35082-000014-salo-s-k,сало,[],1,1,1,1,1,1,1,1,1,1,1,1,0,1
Мясо Тут ,Заморозка,наггетсы,154484,https://svoe-rodnoe.ru/category/naggetsy/35301-007-naggetsy,наггетс,[],1,1,1,1,1,1,1,1,1,1,1,1,0,1
Мясо Тут ,Мясо и птица,домашние тушки кур,154473,https://svoe-rodnoe.ru/category/chicken/35301-002-domashnie-tushki-kur,тушка,"[""домашний"", ""кура""]",1,1,1,1,1,1,1,1,1,1,1,1,0,1
Мясо Тут ,Мясо и птица,копченая грудинка,154477,https://svoe-rodnoe.ru/category/kopchenoe-i-vjalenoe-mjaso/35301-004-kopchenaja-grudinka,грудинка,"[""копчёный""]",1,1,1,1,1,1,1,1,1,1,1,1,0,1
Мясо Тут ,Мясо и птица,окорок вырезка (свинина),154485,https://svoe-rodnoe.ru/category/svinoj-okorok/35301-008-okorok-vyrezka-svinina,окорка,"[""вырезка"", ""свинина""]",1,1,1,1,1,1,1,1,1,1,1,1,0,1
Торговый дом Слоенычъ,Заморозка,"круассан с абрикосом, п/ф",156919,https://svoe-rodnoe.ru/category/zamorozhennaja-vypechka/35736-0031-kruassan-s-abrikosom-p-f,круассан,"[""абрикос"", ""п"", ""ф""]",1,1,1,1,1,1,1,1,1,1,1,1,0,1
Торговый дом Слоенычъ,Заморозка,круассан премиум двухцветный,156926,https://svoe-rodnoe.ru/category/zamorozhennaja-vypechka/35736-0034-kruassan-premium-dvuhcvetnyj,круассан,"[""премиум"", ""двухцветный""]",1,1,1,1,1,1,1,1,1,1,1,1,0,1
Торговый дом Слоенычъ,Заморозка,"круассан с клубникой, п/ф",156923,https://svoe-rodnoe.ru/category/zamorozhennaja-vypechka/35736-0032-kruassan-s-klubnikoj-p-f,круассан,"[""клубника"", ""п"", ""ф""]",1,1,1,1,1,1,1,1,1,1,1,1,0,1
Торговый дом Слоенычъ,Заморозка,"круассан с малиной, п/ф",156925,https://svoe-rodnoe.ru/category/zamorozhennaja-vypechka/35736-0033-kruassan-s-malinoj-p-f,круассан,"[""малина"", ""п"", ""ф""]",1,1,1,1,1,1,1,1,1,1,1,1,0,1
Подворье Андреенковых,Мясо и птица,копченая грудинка,159170,https://svoe-rodnoe.ru/category/kopchenoe-i-vjalenoe-mjaso/35802-18-kopchenaja-grudinka,грудинка,"[""копчёный""]",1,1,1,1,1,1,1,1,1,1,1,1,0,1
Подворье Андреенковых,Мясо и птица,сервелат из телятины,158492,https://svoe-rodnoe.ru/category/syrokopchenaya-kolbasa/35802-10-servelat-iz-teljatiny,сервелат,"[""телятина""]",1,1,1,1,1,1,1,1,1,1,1,1,0,1
Цойкины Рецепты,Бакалея,помидоры черри маринованные,170650,https://svoe-rodnoe.ru/category/ovoschi-konservirovannye/40335-4680341940157-pomidory-cherri-marinovannye,помидор,"[""черри"", ""мариновать""]",1,1,1,1,1,1,1,1,1,1,1,1,0,1
Цойкины Рецепты,Бакалея,черемша весенняя,170686,https://svoe-rodnoe.ru/category/ovoschi-konservirovannye/40335-4680341940140-cheremsha-vesennjaja,черемша,"[""весенний""]",0,0,0,1,1,0,0,0,0,0,0,0,0,11
Цойкины Рецепты,Бакалея,капуста кимчи по-корейски,170638,https://svoe-rodnoe.ru/category/ovoschi-konservirovannye/40335-4680341940126-kapusta-kimchi-po-korejski,капуста,"[""кимчать"", ""корейски""]",1,1,1,0,0,0,0,1,1,1,1,1,0,5
Цойкины Рецепты,Бакалея,корнишоны маринованные,171276,https://svoe-rodnoe.ru/category/marinovannaja-i-solenaja/40335-4680341940188-kornishony-marinovannye,корнишон,"[""мариновать""]",1,1,1,1,1,1,1,1,1,1,1,1,0,1
Цойкины Рецепты,Бакалея,перчики маринованные острые,171275,https://svoe-rodnoe.ru/category/marinovannaja-i-solenaja/40335-4680341940171-perchiki-marinovannye-ostrye,перчик,"[""мариновать"", ""острый""]",1,1,1,1,1,1,1,1,1,1,1,1,0,1
Цойкины Рецепты,Бакалея,соте из баклажанов,170877,https://svoe-rodnoe.ru/category/ovoschi-konservirovannye/40335-4680341940096-sote-iz-baklazhanov,соте,"[""баклажан""]",1,1,1,1,1,1,1,1,1,1,1,1,0,1
Fattoria Marian ,Мясо и птица,бедра куриные,170595,https://svoe-rodnoe.ru/category/chicken/40596-0044-bedra-kurinye,бедро,"[""куриный""]",1,1,1,1,1,1,1,1,1,1,1,1,0,1
Fattoria Marian ,Мясо и птица,бройлер,170596,https://svoe-rodnoe.ru/category/chicken/40596-0045-brojler,бройлер,[],1,1,1,1,1,1,1,1,1,1,1,1,0,1
Fattoria Marian ,Мясо и птица,копыта свиные,170615,https://svoe-rodnoe.ru/category/subprodukty/40596-0062-kopyta-svinye,копыто,"[""свиной""]",1,1,1,1,1,1,1,1,1,1,1,1,0,1
Fattoria Marian ,Мясо и птица,коста,170592,https://svoe-rodnoe.ru/category/syrovyalenaya-kolbasa/40596-0041-kosta,коста,[],1,1,1,1,1,1,1,1,1,1,1,1,0,1
Fattoria Marian ,Мясо и птица,котекино,170589,https://svoe-rodnoe.ru/category/sausage/40596-0038-kotekino,котекино,[],1,1,1,1,1,1,1,1,1,1,1,1,0,1
Fattoria Marian ,Мясо и птица,крылья индейки,170608,https://svoe-rodnoe.ru/category/indejka/40596-0057-kryl-ja-indejki,крыло,"[""индейка""]",1,1,1,1,1,1,1,1,1,1,1,1,0,1
Fattoria Marian ,Мясо и птица,крылья куриные,170599,https://svoe-rodnoe.ru/category/chicken/40596-0048-kryl-ja-kurinye,крыло,"[""куриный""]",1,1,1,1,1,1,1,1,1,1,1,1,0,1
Fattoria Marian ,Мясо и птица,смалец (strutto),170619,https://svoe-rodnoe.ru/category/svinina/40596-0066-smalec-strutto,смалец,"[""strutto""]",1,1,1,1,1,1,1,1,1,1,1,1,0,1
Fattoria Marian ,Мясо и птица,суповой петушок с черным мясом,170601,https://svoe-rodnoe.ru/category/chicken/40596-0050-supovoj-petushok-s-chernym-mjasom,петушок,"[""суповой"", ""чёрный"", ""мясо""]",1,1,1,1,1,1,1,1,1,1,1,1,0,1
Fattoria Marian ,Мясо и птица,фарш свиной,170618,https://svoe-rodnoe.ru/category/farsh-svinoj/40596-0065-farsh-svinoj,фарш,"[""свиной""]",1,1,1,1,1,1,1,1,1,1,1,1,0,1
Дон Джулио Селект,Бакалея,песто россо,159150,https://svoe-rodnoe.ru/category/pesto/36437-0015-pesto-rosso,песто,"[""россо""]",1,1,1,1,1,1,1,1,1,1,1,1,1,1
Fattoria Marian ,Мясо и птица,баранья лопатка,170624,https://svoe-rodnoe.ru/category/mutton/40596-0071-baran-ja-lopatka,лопатка,"[""бараний""]",1,1,1,1,1,1,1,1,1,1,1,1,0,1
Fattoria Marian ,Мясо и птица,лардо фриулано,170621,https://svoe-rodnoe.ru/category/svinina/40596-0068-lardo-friulano,лардо,"[""фриулано""]",1,1,1,1,1,1,1,1,1,1,1,1,1,1
Fattoria Marian ,Мясо и птица,перепел,170612,https://svoe-rodnoe.ru/category/chicken/40596-0061-perepel,перепел,[],1,1,1,1,1,1,1,1,1,1,1,1,1,1
Fattoria Marian ,Мясо и птица,рулька свиная,170617,https://svoe-rodnoe.ru/category/svinina/40596-0064-rul-ka-svinaja,рулька,"[""свиной""]",1,1,1,1,1,1,1,1,1,1,1,1,0,1
Fattoria Marian ,Мясо и птица,цыпленок тапака,170602,https://svoe-rodnoe.ru/category/chicken/40596-0051-cyplenok-tapaka,цыплёнок,"[""тапак""]",1,1,1,1,1,1,1,1,1,1,1,1,0,1
Дон Джулио Селект,Мясо и птица,прошутто котто,159160,https://svoe-rodnoe.ru/category/svinoj-okorok/36437-0025-proshutto-kotto,прошутто,"[""котто""]",1,1,1,1,1,1,1,1,1,1,1,1,1,1
Дон Джулио Селект,Мясо и птица,ростбиф,159146,https://svoe-rodnoe.ru/category/kopchenoe-i-vjalenoe-mjaso/36437-0011-rostbif,ростбиф,[],1,1,1,1,1,1,1,1,1,1,1,1,1,1
Можайский крестьянин,Бакалея,каша ржаная,172216,https://svoe-rodnoe.ru/category/krupy/40926-mk10111-kasha-rzhanaja,каша,"[""ржаной""]",1,1,1,1,1,1,1,1,1,1,1,1,0,1
Можайский крестьянин,Бакалея,каша пшеничная,172215,https://svoe-rodnoe.ru/category/krupy/40926-mk10101-kasha-pshenichnaja,каша,"[""пшеничный""]",1,1,1,1,1,1,1,1,1,1,1,1,0,1
Дон Джулио Селект,Мясо и птица,мортаделла,159147,https://svoe-rodnoe.ru/category/varenye/36437-0012-mortadella,мортаделла,[],1,1,1,1,1,1,1,1,1,1,1,1,1,1
Мясная артель Велеми,Мясо и птица,балык из утки,174579,https://svoe-rodnoe.ru/category/kopchenoe-i-vjalenoe-mjaso/42033-220000005889-balyk-iz-utki,балык,"[""утка""]",1,1,1,1,1,1,1,1,1,1,1,1,1,1
Мясная артель Велеми,Мясо и птица,"ветчина рубленая ""ченый мрамор""",180500,https://svoe-rodnoe.ru/category/varenye/42033-220000002891-vetchina-rublenaja-chenyj-mramor,ветчина,"[""рубленый"", ""ченый"", ""мрамор""]",1,1,1,1,1,1,1,1,1,1,1,1,0,1
Мясная артель Велеми,Мясо и птица,"ветчина рубленная ""по дрмашнему""",180499,https://svoe-rodnoe.ru/category/varenye/42033-220000002881-vetchina-rublennaja-po-drmashnemu,ветчина,"[""рубить"", ""дрмашний""]",1,1,1,1,1,1,1,1,1,1,1,1,0,1
Мясная артель Велеми,Мясо и птица,балык из куриного филе,174580,https://svoe-rodnoe.ru/category/kopchenoe-i-vjalenoe-mjaso/42033-220000003000-balyk-iz-kurinogo-file,балык,"[""куриный"", ""филе""]",1,1,1,1,1,1,1,1,1,1,1,1,1,1
Мясная артель Велеми,Мясо и птица,балык свиной х/к,180503,https://svoe-rodnoe.ru/category/kopchenoe-i-vjalenoe-mjaso/42033-220000003889-balyk-svinoj-h-k,балык,"[""свиной"", ""х""]",1,1,1,1,1,1,1,1,1,1,1,1,1,1
Мясная артель Велеми,Мясо и птица,"ветчина ""курица/говядина""",180502,https://svoe-rodnoe.ru/category/varenye/42033-220000002882-vetchina-kurica-govjadina,ветчина,"[""курица"", ""говядина""]",1,1,1,1,1,1,1,1,1,1,1,1,0,1
Мясная артель Велеми,Мясо и птица,грудинка в/к,180501,https://svoe-rodnoe.ru/category/kopchenoe-i-vjalenoe-mjaso/42033-220000002888-grudinka-v-k,грудинка,[],1,1,1,1,1,1,1,1,1,1,1,1,0,1
Своё Родное ,Бакалея,гранола “сибирская”,180972,https://svoe-rodnoe.ru/category/superfudy-i-semena/42942-00199-granola-sibirskaja,гранола,"[""сибирский""]",1,1,1,1,1,1,1,1,1,1,1,1,0,1
Своё Родное ,Бакалея,"гранола ""фитнес""",180974,https://svoe-rodnoe.ru/category/superfudy-i-semena/42942-0201-granola-fitnes,гранола,"[""фитнес""]",1,1,1,1,1,1,1,1,1,1,1,1,0,1
Своё Родное ,Бакалея,соус фруктовый брусничный с имбирем и чесноком,181559,https://svoe-rodnoe.ru/category/butter-sauces/42942-00247-sous-fruktovyj-brusnichnyj-s-imbirem-i-chesnokom,соус,"[""фруктовый"", ""брусничный"", ""имбирь"", ""чеснок""]",1,1,1,1,1,1,1,1,1,1,1,1,0,1
Своё Родное ,Бакалея,соус фруктовый малиновый с перцем чили,181558,https://svoe-rodnoe.ru/category/butter-sauces/42942-00246-sous-fruktovyj-malinovyj-s-percem-chili,соус,"[""фруктовый"", ""малиновый"", ""перец"", ""чили""]",1,1,1,1,1,1,1,1,1,1,1,1,0,1
Своё Родное ,Бакалея,уксус из черноплодной рябины,176918,https://svoe-rodnoe.ru/category/pripravy/42942-10060-99-1-uksus-iz-chernoplodnoj-rjabiny,уксус,"[""черноплодный"", ""рябина""]",1,1,1,1,1,1,1,1,1,1,1,1,0,1
Своё Родное ,Заморозка,гриб белый,181557,https://svoe-rodnoe.ru/category/ovoschi-i-smesi/42942-00245-grib-belyj,гриб,"[""белый""]",0,0,0,0,0,0,0,1,1,1,0,0,0,10
Своё Родное ,Заморозка,малина,181114,https://svoe-rodnoe.ru/category/jagody/42942-00236-malina,малина,[],0,0,0,0,0,0,1,1,0,0,0,0,0,11
Своё Родное ,Мясо и птица,"буженина ""dolcelatte""",176853,https://svoe-rodnoe.ru/category/kopchenoe-i-vjalenoe-mjaso/42942-0014-buzhenina-dolcelatte,буженина,"[""dolcelatte""]",1,1,1,1,1,1,1,1,1,1,1,1,0,1
Своё Родное ,Мясо и птица,"ветчина prosciutto cotto ""dolcelatte""",176841,https://svoe-rodnoe.ru/category/sausage/42942-0002-vetchina-prosciutto-cotto-dolcelatte,ветчина,"[""prosciutto"", ""cotto"", ""dolcelatte""]",1,1,1,1,1,1,1,1,1,1,1,1,0,1
Своё Родное ,Мясо и птица,карпаччо куриное,176904,https://svoe-rodnoe.ru/category/kopchenoe-i-vjalenoe-mjaso/42942-13251-3-1-karpachcho-kurinoe,карпаччо,"[""куриный""]",1,1,1,1,1,1,1,1,1,1,1,1,1,1
Своё Родное ,Овощи и фрукты,арахис жареный очищенный 90 гр,180056,https://svoe-rodnoe.ru/category/nuts/42942-00136-arahis-zharenyj-ochischennyj-90-gr,арахис,"[""жареный"", ""очистить""]",1,1,1,1,1,1,1,1,1,1,1,1,0,1
Своё Родное ,Овощи и фрукты,миндаль 80 гр.,180089,https://svoe-rodnoe.ru/category/nuts/42942-00150-mindal-80-gr,миндаль,[],1,1,1,1,1,1,1,1,1,1,1,1,0,1
Своё Родное ,Овощи и фрукты,смесь орехов очищенные,180090,https://svoe-rodnoe.ru/category/nuts/42942-0151-smes-orehov-ochischennye,смесь,"[""орех"", ""очистить""]",1,1,1,1,1,1,1,1,1,1,1,1,0,1
Своё Родное ,Рыба и морепродукты,нерка филе ломтики слабосоленые в/у,185016,https://svoe-rodnoe.ru/category/solenaja-ryba/42942-00285-nerka-file-lomtiki-slabosolenye-v-u,нерка,"[""филе"", ""ломтик"", ""слабосолёный""]",1,1,1,1,1,1,1,1,1,1,1,1,1,1
Своё Родное ,Рыба и морепродукты,нерка филе ломтики с/с в масле,185017,https://svoe-rodnoe.ru/category/rybnye-konservy/42942-00286-nerka-file-lomtiki-s-s-v-masle,нерка,"[""филе"", ""ломтик"", ""масло""]",1,1,1,1,1,1,1,1,1,1,1,1,1,1
Своё Родное ,Рыба и морепродукты,омуль филе ломтики с/с в/у,185020,https://svoe-rodnoe.ru/category/solenaja-ryba/42942-00289-omul-file-lomtiki-s-s-v-u,омуль,"[""филе"", ""ломтик""]",1,1,1,1,1,1,1,1,1,1,1,1,1,1
Своё Родное ,Рыба и морепродукты,сугудай из омуля,184975,https://svoe-rodnoe.ru/category/rybnye-konservy/42942-00272-sugudaj-iz-omulja,омуль,"[""сугудать""]",1,1,1,1,1,1,1,1,1,1,1,1,1,1
Своё Родное ,Рыба и морепродукты,сугудай из хариуса,184978,https://svoe-rodnoe.ru/category/rybnye-konservy/42942-00275-sugudaj-iz-hariusa,хариус,"[""сугудать""]",1,1,1,1,1,1,1,1,1,1,1,1,1,1
Своё Родное ,Рыба и морепродукты,чавыча филе ломтики с/с,184981,https://svoe-rodnoe.ru/category/solenaja-ryba/42942-00278-chavycha-file-lomtiki-s-s,чавыча,"[""филе"", ""ломтик""]",1,1,1,1,1,1,1,1,1,1,1,1,1,1
Своё Родное ,Бакалея,гранола “деревенская”,180970,https://svoe-rodnoe.ru/category/superfudy-i-semena/42942-0197-granola-derevenskaja,гранола,"[""деревенский""]",1,1,1,1,1,1,1,1,1,1,1,1,0,1
Своё Родное ,Бакалея,грузди соленые царь,181078,https://svoe-rodnoe.ru/category/gribnye-konservy/42942-00226-gruzdi-solenye-car,груздь,"[""солёный"", ""царь""]",0,0,0,0,0,0,0,1,1,0,0,0,0,11
Своё Родное ,Бакалея,микс масел энергия,179957,https://svoe-rodnoe.ru/category/masla-rastitel-nye/42942-00108-miks-masel-jenergija,микс,"[""масло"", ""энергия""]",1,1,1,1,1,1,1,1,1,1,1,1,0,1
Своё Родное ,Бакалея,мраморная говядина,180980,https://svoe-rodnoe.ru/category/mjasnye-konservy/42942-207-mramornaja-govjadina,говядина,"[""мраморный""]",1,1,1,1,1,1,1,1,1,1,1,1,0,1
Своё Родное ,Бакалея,соус апельсин горчица,181562,https://svoe-rodnoe.ru/category/butter-sauces/42942-00250-sous-apel-sin-gorchica,соус,"[""апельсин"", ""горчица""]",1,1,1,1,1,1,1,1,1,1,1,1,0,1
Своё Родное ,Бакалея,соус манго-чили,181560,https://svoe-rodnoe.ru/category/butter-sauces/42942-00248-sous-mango-chili,соус,"[""манго"", ""чили""]",1,1,1,1,1,1,1,1,1,1,1,1,0,1
Своё Родное ,Бакалея,"соус наршараб, 200 г.",176888,https://svoe-rodnoe.ru/category/butter-sauces/42942-00033-sous-narsharab-200-g,соус,"[""наршараб""]",1,1,1,1,1,1,1,1,1,1,1,1,0,1
Своё Родное ,Заморозка,вишня замороженная,181117,https://svoe-rodnoe.ru/category/jagody/42942-0239-vishnja-zamorozhennaja,вишня,"[""заморозить""]",1,1,1,1,1,1,1,1,1,1,1,1,0,1
Своё Родное ,Заморозка,"гриб белый кубик, замороженный",181556,https://svoe-rodnoe.ru/category/ovoschi-i-smesi/42942-000244-grib-belyj-kubik-zamorozhennyj,гриб,"[""белый"", ""кубик"", ""заморозить""]",1,1,1,1,1,1,1,1,1,1,1,1,0,1
Своё Родное ,Заморозка,клюква дикорастущая замороженная,181116,https://svoe-rodnoe.ru/category/jagody/42942-0238-kljukva-dikorastuschaja-zamorozhennaja,клюква,"[""дикорастущий"", ""заморозить""]",1,1,1,1,1,1,1,1,1,1,1,1,0,1
Своё Родное ,Мясо и птица,докторская домашняя,176915,https://svoe-rodnoe.ru/category/varenye/42942-13251-4-1-doktorskaja-domashnjaja,докторский,"[""докторский"", ""домашний""]",1,1,1,1,1,1,1,1,1,1,1,1,0,1
Своё Родное ,Мясо и птица,дрогобычская домашняя,176907,https://svoe-rodnoe.ru/category/vareno-kopchenye/42942-13251-5-1-drogobychskaja-domashnjaja,дрогобычский,"[""дрогобычский"", ""домашний""]",1,1,1,1,1,1,1,1,1,1,1,1,0,1
Своё Родное ,Мясо и птица,"мясо вяленое ""coppa"" ""dolcelatte""",176865,https://svoe-rodnoe.ru/category/kopchenoe-i-vjalenoe-mjaso/42942-0025-mjaso-vjalenoe-coppa-dolcelatte,мясо,"[""вяленый"", ""coppa"", ""dolcelatte""]",1,1,1,1,1,1,1,1,1,1,1,1,0,1
Своё Родное ,Овощи и фрукты,клубника сублимированная,176917,https://svoe-rodnoe.ru/category/sushennye-i-vjalennye-jagody/42942-10060-1234-1-klubnika-sublimirovannaja,клубника,"[""сублимировать""]",0,0,0,0,0,1,1,0,0,0,0,0,0,11
Своё Родное ,Овощи и фрукты,фундук очищенный обжаренный 90 гр.,180095,https://svoe-rodnoe.ru/category/nuts/42942-00156-funduk-ochischennyj-obzharennyj-90-gr,фундук,"[""очистить"", ""обжарить""]",1,1,1,1,1,1,1,1,1,1,1,1,0,1
Своё Родное ,Рыба и морепродукты,ломтики филе сиг с/с,184979,https://svoe-rodnoe.ru/category/solenaja-ryba/42942-00276-lomtiki-file-sig-s-s,ломтик,"[""филе"", ""сиг""]",1,1,1,1,1,1,1,1,1,1,1,1,0,1
Своё Родное ,Рыба и морепродукты,муксун филе ломтики с/с,184980,https://svoe-rodnoe.ru/category/solenaja-ryba/42942-00279-muksun-file-lomtiki-s-s,муксун,"[""филе"", ""ломтик""]",1,1,1,1,1,1,1,1,1,1,1,1,1,1
Своё Родное ,Рыба и морепродукты,омуль филе с/с в/у,185019,https://svoe-rodnoe.ru/category/solenaja-ryba/42942-00288-omul-file-s-s-v-u,омуль,"[""филе""]",1,1,1,1,1,1,1,1,1,1,1,1,1,1
Своё Родное ,Рыба и морепродукты,сугудай из муксуна,184976,https://svoe-rodnoe.ru/category/rybnye-konservy/42942-00273-sugudaj-iz-muksuna,муксун,"[""сугудать""]",1,1,1,1,1,1,1,1,1,1,1,1,1,1
Своё Родное ,Рыба и морепродукты,сугудай из чавычи,184977,https://svoe-rodnoe.ru/category/rybnye-konservy/42942-00274-sugudaj-iz-chavychi,чавыча,"[""сугудать""]",1,1,1,1,1,1,1,1,1,1,1,1,1,1
Цойкины Рецепты,Бакалея,помидоры с хреном,170868,https://svoe-rodnoe.ru/category/ovoschi-konservirovannye/40335-4680341940102-pomidory-s-hrenom,помидор,"[""хрен""]",0,0,0,0,0,0,1,1,1,0,0,0,0,10
Fattoria Marian ,Мясо и птица,желудки куриные,170603,https://svoe-rodnoe.ru/category/subprodukty/40596-0052-zheludki-kurinye,желудок,"[""куриный""]",1,1,1,1,1,1,1,1,1,1,1,1,0,1
Fattoria Marian ,Мясо и птица,каре из баранины,170625,https://svoe-rodnoe.ru/category/mutton/40596-0072-kare-iz-baraniny,каре,"[""баранина""]",1,1,1,1,1,1,1,1,1,1,1,1,0,1
Fattoria Marian ,Мясо и птица,коппа ди теста,170594,https://svoe-rodnoe.ru/category/sausage/40596-0043-koppa-di-testa,коппа,"[""тест""]",1,1,1,1,1,1,1,1,1,1,1,1,1,1
Fattoria Marian ,Мясо и птица,печень куриная,170605,https://svoe-rodnoe.ru/category/subprodukty/40596-0054-pechen-kurinaja,печень,"[""куриный""]",1,1,1,1,1,1,1,1,1,1,1,1,0,1
Fattoria Marian ,Мясо и птица,печень свиная,170616,https://svoe-rodnoe.ru/category/subprodukty/40596-0063-pechen-svinaja,печень,"[""свиной""]",1,1,1,1,1,1,1,1,1,1,1,1,0,1
Fattoria Marian ,Мясо и птица,сало соленое без прослойки,170620,https://svoe-rodnoe.ru/category/salo/40596-0067-salo-solenoe-bez-proslojki,сало,"[""солёный"", ""прослойка""]",1,1,1,1,1,1,1,1,1,1,1,1,0,1
Fattoria Marian ,Мясо и птица,фарш куриный,170606,https://svoe-rodnoe.ru/category/farsh-kurinyj/40596-0055-farsh-kurinyj,фарш,"[""куриный""]",1,1,1,1,1,1,1,1,1,1,1,1,0,1
Fattoria Marian ,Мясо и птица,филе грудки куриное,170598,https://svoe-rodnoe.ru/category/chicken/40596-0047-file-grudki-kurinoe,филе,"[""грудка"", ""куриный""]",1,1,1,1,1,1,1,1,1,1,1,1,0,1
Можайский крестьянин,Рыба и морепродукты,рыбные консервы,173012,https://svoe-rodnoe.ru/category/rybnye-konservy/40926-mk24m3-rybnye-konservy,консервы,"[""рыбный""]",1,1,1,1,1,1,1,1,1,1,1,1,0,1
Цойкины Рецепты,Бакалея,икра кабачковая,170871,https://svoe-rodnoe.ru/category/ovoschi-konservirovannye/40335-4680341940089-ikra-kabachkovaja,икра,"[""кабачковый""]",1,1,1,1,1,1,1,1,1,1,1,1,1,1
Цойкины Рецепты,Бакалея,огурцы с листом дуба,170866,https://svoe-rodnoe.ru/category/ovoschi-konservirovannye/40335-4680341940119-ogurcy-s-listom-duba,огурец,"[""лист"", ""дуб""]",0,0,0,0,0,1,1,1,0,0,0,0,0,10
Цойкины Рецепты,Бакалея,хренодер,171274,https://svoe-rodnoe.ru/category/vostochnye-sousa/40335-4680341940195-hrenoder,хренодер,[],1,1,1,1,1,1,1,1,1,1,1,1,0,1
Fattoria Marian ,Бакалея,песто genovese,170631,https://svoe-rodnoe.ru/category/pesto/40596-0078-pesto-genovese,песто,"[""genovese""]",1,1,1,1,1,1,1,1,1,1,1,1,1,1
Fattoria Marian ,Мясо и птица,баранье бедро,170622,https://svoe-rodnoe.ru/category/mutton/40596-0069-baran-e-bedro,бедро,"[""бараний""]",1,1,1,1,1,1,1,1,1,1,1,1,0,1
Fattoria Marian ,Мясо и птица,бараньи ребра,170623,https://svoe-rodnoe.ru/category/mutton/40596-0070-baran-i-rebra,ребро,"[""бараний""]",1,1,1,1,1,1,1,1,1,1,1,1,0,1
Fattoria Marian ,Мясо и птица,голени индейки,170610,https://svoe-rodnoe.ru/category/indejka/40596-0059-goleni-indejki,голень,"[""индейка""]",1,1,1,1,1,1,1,1,1,1,1,1,0,1
Fattoria Marian ,Мясо и птица,голень куриная,170597,https://svoe-rodnoe.ru/category/chicken/40596-0046-golen-kurinaja,голень,"[""куриный""]",1,1,1,1,1,1,1,1,1,1,1,1,0,1
Fattoria Marian ,Мясо и птица,панчетта,170593,https://svoe-rodnoe.ru/category/syrovyalenaya-kolbasa/40596-0042-panchetta,панчетта,[],1,1,1,1,1,1,1,1,1,1,1,1,1,1
Fattoria Marian ,Мясо и птица,петух домашний фермерский,170600,https://svoe-rodnoe.ru/category/chicken/40596-0049-petuh-domashnij-fermerskij,петух,"[""домашний"", ""фермерский""]",1,1,1,1,1,1,1,1,1,1,1,1,0,1
Fattoria Marian ,Мясо и птица,салями,170590,https://svoe-rodnoe.ru/category/syrovyalenaya-kolbasa/40596-0039-saljami,салями,[],1,1,1,1,1,1,1,1,1,1,1,1,0,1
Fattoria Marian ,Мясо и птица,сердечки куриные,170604,https://svoe-rodnoe.ru/category/subprodukty/40596-0053-serdechki-kurinye,сердечко,"[""куриный""]",1,1,1,1,1,1,1,1,1,1,1,1,0,1
Fattoria Marian ,Мясо и птица,сопресса,170591,https://svoe-rodnoe.ru/category/syrovyalenaya-kolbasa/40596-0040-sopressa,сопресс,[],1,1,1,1,1,1,1,1,1,1,1,1,0,1
Fattoria Marian ,Мясо и птица,филе грудки индейки,170611,https://svoe-rodnoe.ru/category/indejka/40596-0060-file-grudki-indejki,филе,"[""грудка"", ""индейка""]",1,1,1,1,1,1,1,1,1,1,1,1,0,1
Можайский крестьянин,Мясо и птица,тушенка говяжья,173011,https://svoe-rodnoe.ru/category/govjadina/40926-mk2303-tushenka-govjazh-ja,тушёнка,"[""говяжий""]",1,1,1,1,1,1,1,1,1,1,1,1,0,1
Мясная артель Велеми,Мясо и птица,"сервелат ""салями финский""",174568,https://svoe-rodnoe.ru/category/vareno-kopchenye/42033-220000002886-servelat-saljami-finskij,сервелат,"[""салями"", ""финский""]",1,1,1,1,1,1,1,1,1,1,1,1,0,1
Своё Родное ,Бакалея,гранола “классика”,180971,https://svoe-rodnoe.ru/category/superfudy-i-semena/42942-0198-granola-klassika,гранола,"[""классика""]",1,1,1,1,1,1,1,1,1,1,1,1,0,1
Своё Родное ,Бакалея,гранола “тропикана”,180973,https://svoe-rodnoe.ru/category/superfudy-i-semena/42942-0200-granola-tropikana,гранола,"[""тропикан""]",1,1,1,1,1,1,1,1,1,1,1,1,0,1
Своё Родное ,Бакалея,заправка для салатов с апельсином,181553,https://svoe-rodnoe.ru/category/butter-sauces/42942-00242-zapravka-dlja-salatov-s-apel-sinom,заправка,"[""салат"", ""апельсин""]",1,1,1,1,1,1,1,1,1,1,1,1,0,1
Своё Родное ,Бакалея,капуста квашенная бочковая,181100,https://svoe-rodnoe.ru/category/ovoschi-konservirovannye/42942-00235-kapusta-kvashennaja-bochkovaja,капуста,"[""квасить"", ""бочковый""]",1,1,1,0,0,0,0,1,1,1,1,1,0,5
Своё Родное ,Бакалея,парфе с коньяком и тимьяном,176861,https://svoe-rodnoe.ru/category/pashtety/42942-0021-parfe-s-kon-jakom-i-tim-janom,парфе,"[""коньяк"", ""тимьян""]",1,1,1,1,1,1,1,1,1,1,1,1,0,1
Своё Родное ,Бакалея,питательная гранола,179935,https://svoe-rodnoe.ru/category/superfudy-i-semena/42942-0099-pitatel-naja-granola,гранола,"[""питательный""]",1,1,1,1,1,1,1,1,1,1,1,1,0,1
Своё Родное ,Бакалея,сбалансированный микс семян и орехов. клетчатка,179928,https://svoe-rodnoe.ru/category/superfudy-i-semena/42942-0093-sbalansirovannyj-miks-semjan-i-orehov-kletchatka,микс,"[""сбалансированный"", ""семя"", ""орех"", ""клетчатка""]",1,1,1,1,1,1,1,1,1,1,1,1,0,1
Своё Родное ,Бакалея,соус наршараб маленький,180955,https://svoe-rodnoe.ru/category/butter-sauces/42942-0163-sous-narsharab-malen-kij,соус,"[""наршараб"", ""маленький""]",1,1,1,1,1,1,1,1,1,1,1,1,0,1
Своё Родное ,Бакалея,соус фруктовый яблочный с горчицей,181561,https://svoe-rodnoe.ru/category/butter-sauces/42942-0249-sous-fruktovyj-jablochnyj-s-gorchicej,соус,"[""фруктовый"", ""яблочный"", ""горчица""]",1,1,1,1,1,1,1,1,1,1,1,1,0,1
Своё Родное ,Бакалея,уксус яблочный живой,176916,https://svoe-rodnoe.ru/category/pripravy/42942-10060-0031-1-uksus-jablochnyj-zhivoj,уксус,"[""яблочный"", ""живой""]",1,1,1,1,1,1,1,1,1,1,1,1,0,1
Своё Родное ,Заморозка,смородина черная замороженная,181115,https://svoe-rodnoe.ru/category/jagody/42942-0237-smorodina-chernaja-zamorozhennaja,смородина,"[""чёрный"", ""заморозить""]",1,1,1,1,1,1,1,1,1,1,1,1,0,1
Своё Родное ,Мясо и птица,ветчина из индейки вареная( халяль ),185267,https://svoe-rodnoe.ru/category/varenye/42942-00298-vetchina-iz-indejki-varenaja-haljal,ветчина,"[""индейка"", ""варёный"", ""халяль""]",1,1,1,1,1,1,1,1,1,1,1,1,0,1
Своё Родное ,Мясо и птица,грудинка варёно-копченая свиная,176906,https://svoe-rodnoe.ru/category/kopchenoe-i-vjalenoe-mjaso/42942-13251-0028-1-grudinka-varjono-kopchenaja-svinaja,грудинка,"[""варёный"", ""копчёный"", ""свиной""]",1,1,1,1,1,1,1,1,1,1,1,1,0,1
Своё Родное ,Мясо и птица,краковская крафт,176908,https://svoe-rodnoe.ru/category/smoke-dried/42942-13251-1-1-krakovskaja-kraft,крафт,"[""краковский""]",1,1,1,1,1,1,1,1,1,1,1,1,0,1
Своё Родное ,Мясо и птица,сардельки говяжьи,176910,https://svoe-rodnoe.ru/category/sosiski-i-sardel-ki/42942-13251-0018-1-sardel-ki-govjazh-i,сарделька,"[""говяжий""]",1,1,1,1,1,1,1,1,1,1,1,1,0,1
Своё Родное ,Овощи и фрукты,грецкий орех очищенный 90 гр.,180096,https://svoe-rodnoe.ru/category/nuts/42942-00157-greckij-oreh-ochischennyj-90-gr,орех,"[""грецкий"", ""очистить""]",1,1,1,1,1,1,1,1,1,1,1,1,0,1
Своё Родное ,Овощи и фрукты,миндаль жареный 80 грамм,185275,https://svoe-rodnoe.ru/category/nuts/42942-00302-mindal-zharenyj-80-gramm,миндаль,"[""жареный"", ""грамм""]",1,1,1,1,1,1,1,1,1,1,1,1,0,1
Своё Родное ,Рыба и морепродукты,муксун филе с/с в/у,185018,https://svoe-rodnoe.ru/category/solenaja-ryba/42942-0287-muksun-file-s-s-v-u,муксун,"[""филе""]",1,1,1,1,1,1,1,1,1,1,1,1,1,1
Своё Родное ,Рыба и морепродукты,нерка филе ломтики с/с,184984,https://svoe-rodnoe.ru/category/solenaja-ryba/42942-00281-nerka-file-lomtiki-s-s,нерка,"[""филе"", ""ломтик""]",1,1,1,1,1,1,1,1,1,1,1,1,1,1
Своё Родное ,Рыба и морепродукты,фишбол нерка,185249,https://svoe-rodnoe.ru/category/fish-kits/42942-000291-fishbol-nerka,фишбол,"[""нерка""]",1,1,1,1,1,1,1,1,1,1,1,1,0,1
"Рыбная ферма ""Шевченко энд фиш""",Рыба и морепродукты,форель копченая,10335,https://svoe-rodnoe.ru/category/kopchenaja-ryba/455-02-forel-kopchenaja,форель,"[""копчёный""]",1,1,1,1,1,1,1,1,1,1,1,1,1,1
"Рыбная ферма ""Шевченко энд фиш""",Рыба и морепродукты,осетр живой,41932,https://svoe-rodnoe.ru/category/fresh-fish/455-1036-osetr-s-golovoj,осётр,"[""живой""]",1,1,1,1,1,1,1,1,1,1,1,1,1,1
"Рыбная ферма ""Шевченко энд фиш""",Рыба и морепродукты,осётр горячего копчения,41929,https://svoe-rodnoe.ru/category/kopchenaja-ryba/455-1003-osjotr-gorjachego-kopchenija,осётр,"[""горячее"", ""копчение""]",1,1,1,1,1,1,1,1,1,1,1,1,1,1
Своё Родное ,Бакалея,заправка для салатов с лимоном,181552,https://svoe-rodnoe.ru/category/butter-sauces/42942-0041-zapravka-dlja-salatov-s-limonom,заправка,"[""салат"", ""лимон""]",1,1,1,1,1,1,1,1,1,1,1,1,0,1
Своё Родное ,Бакалея,настоящее какао,179933,https://svoe-rodnoe.ru/category/kofe-i-kakao/42942-0097-nastojaschee-kakao,какао,"[""настоящий""]",1,1,1,1,1,1,1,1,1,1,1,1,0,1
Своё Родное ,Бакалея,опята маринованные,181097,https://svoe-rodnoe.ru/category/gribnye-konservy/42942-00232-opjata-marinovannye,опёнок,"[""мариновать""]",1,1,1,1,1,1,1,1,1,1,1,1,0,1
Своё Родное ,Бакалея,соус песто,176854,https://svoe-rodnoe.ru/category/pesto/42942-0015-sous-pesto,соус,"[""песто""]",1,1,1,1,1,1,1,1,1,1,1,1,0,1
Своё Родное ,Рыба и морепродукты,горбуша фаршированная,185278,https://svoe-rodnoe.ru/category/fish-kits/42942-0303-gorbusha-farshirovannaja,горбуша,"[""фаршированный""]",1,1,1,1,1,1,1,1,1,1,1,1,0,1
Своё Родное ,Рыба и морепродукты,кета филе ломтики с/с,184983,https://svoe-rodnoe.ru/category/solenaja-ryba/42942-00280-keta-file-lomtiki-s-s,кета,"[""филе"", ""ломтик""]",1,1,1,1,1,1,1,1,1,1,1,1,0,1
Своё Родное ,Рыба и морепродукты,омуль филе ломтики с/с в масле,185015,https://svoe-rodnoe.ru/category/rybnye-konservy/42942-00284-omul-file-lomtiki-s-s-v-masle,омуль,"[""филе"", ""ломтик"", ""масло""]",1,1,1,1,1,1,1,1,1,1,1,1,1,1
Своё Родное ,Рыба и морепродукты,форель филе ломтики с/с,184982,https://svoe-rodnoe.ru/category/solenaja-ryba/42942-000279-forel-file-lomtiki-s-s,форель,"[""филе"", ""ломтик""]",1,1,1,1,1,1,1,1,1,1,1,1,1,1
"Рыбная ферма ""Шевченко энд фиш""",Рыба и морепродукты,вяленная форель,41924,https://svoe-rodnoe.ru/category/solenaja-ryba/455-100-vjalennaja-forel,форель,"[""вялить""]",1,1,1,1,1,1,1,1,1,1,1,1,1,1
"Рыбная ферма ""Шевченко энд фиш""",Рыба и морепродукты,форель живая,10334,https://svoe-rodnoe.ru/category/fresh-fish/455-01-forel-zhivaja,форель,"[""живой""]",1,1,1,1,1,1,1,1,1,1,1,1,1,1
"Рыбная ферма ""Шевченко энд фиш""",Рыба и морепродукты,семга слабосоленая ( упаковка 350 грамм),41926,https://svoe-rodnoe.ru/category/solenaja-ryba/455-1001-semga-slabosolenaja-upakovka-350-gramm,сёмга,"[""слабосолёный"", ""грамм""]",1,1,1,1,1,1,1,1,1,1,1,1,1,1
"Сыроварня ""Уездный дар""",Бакалея,соус пряный красный лук,36385,https://svoe-rodnoe.ru/category/sousy/8068-0016-sous-prjanyj-krasnyj-luk,соус,"[""пряный"", ""красный"", ""лук""]",1,1,1,1,1,1,1,1,1,1,1,1,0,1
"Сыроварня ""Уездный дар""",Бакалея,соус облепиховая горчица,36390,https://svoe-rodnoe.ru/category/sousy/8068-0020-sous-oblepihovaja-gorchica,соус,"[""облепиховый"", ""горчица""]",1,1,1,1,1,1,1,1,1,1,1,1,0,1
"Сыроварня ""Уездный дар""",Бакалея,соус айвовая горчица,36389,https://svoe-rodnoe.ru/category/sousy/8068-0019-sous-ajvovaja-gorchica,соус,"[""айвовый"", ""горчица""]",1,1,1,1,1,1,1,1,1,1,1,1,0,1
"Сыроварня ""Уездный дар""",Бакалея,соус сливовый кориандр,36386,https://svoe-rodnoe.ru/category/sousy/8068-0017-slivovyi-koriandr,соус,"[""сливовый"", ""кориандр""]",1,1,1,1,1,1,1,1,1,1,1,1,0,1
